Name,BSE Code,NSE Code,ISIN Code,Industry Group,Industry,Current Price,Market Capitalization,Return on capital employed,Return on equity,Debt to equity,OPM,Sales growth 3Years,Profit growth 3Years,Price to Earning,EBIT,Net block,Enterprise Value,Promoter holding,Pledged percentage,Change in promoter holding 3Years,Price to book value,Current ratio,Profit growth 5Years,Interest Coverage,EPS growth 3Years,EPS preceding year quarter,Expected quarterly EPS,Dividend yield,FCF Conversion PCT,Interest Coverage Ratio,TTM EPS Growth vs Previous Year Annual YoY,YoY EPS growth in the latest quarter
21st Cent. Mgmt.,526921,21STCENMGM,INE253B01015,Capital Markets,Other Capital Market related Services,41.16,43.22,-57.00,-57.21,0.00,-162.27,22.98,-12.57,,-17.12,0.63,39.67,64.43,0.00,1.66,1.31,2.93,,,-12.57,2.20,,0.00,0.43,,0,1
360 ONE,542772,360ONE,INE466L01038,Capital Markets,Stockbroking & Allied,1200.00,48907.74,12.12,14.39,1.62,61.85,29.53,22.72,38.75,2842.28,3969.45,63357.46,6.20,0.00,-15.26,4.96,2.64,26.80,2.34,17.45,7.04,13.15,1.00,-2.47,2.34,1,0
3P Land Hold.,516092,3PLAND,INE105C01023,Finance,Investment Company,31.74,57.13,2.38,1.78,0.00,64.86,22.83,12.28,25.17,3.04,1.60,56.93,73.30,0.00,0.00,0.55,0.45,77.40,,12.28,0.21,0.69,0.00,0.57,,0,1
5paisa Capital,540776,5PAISA,INE618L01018,Capital Markets,Stockbroking & Allied,368.35,1726.91,9.94,7.04,0.58,30.76,-1.86,0.40,39.06,92.96,17.59,687.76,36.50,0.00,3.11,2.66,1.75,24.60,2.76,-0.24,2.46,3.09,0.00,1.33,2.76,0,0
A.K.Capital Serv,530499,AKCAPIT,INE701G01012,Finance,Non Banking Financial Company (NBFC),1708.10,1127.35,9.33,10.95,2.95,70.35,12.08,8.00,9.85,397.54,69.55,4153.26,72.24,0.00,0.74,1.08,2.39,8.21,1.69,8.00,35.00,85.77,3.51,-3.03,1.69,1,0
Aadhar Hsg. Fin.,544176,AADHARHFC,INE883F01010,Finance,Housing Finance Company,471.10,20621.81,11.38,15.94,2.49,76.17,21.71,25.27,17.88,2889.15,137.52,38150.91,64.66,0.00,,2.72,1.61,26.64,2.05,21.21,5.49,9.60,0.00,-3.34,2.05,1,0
Aar Shyam (I),542377,,INE512R01010,Finance,Non Banking Financial Company (NBFC),14.95,4.49,-23.85,-26.43,0.12,-262.50,-45.27,,,-0.21,0.00,4.74,40.54,0.00,31.96,1.65,13.83,,,,-2.27,-0.09,0.00,27.50,,1,0
AastamangalamFin,511764,,INE819K01014,Finance,Non Banking Financial Company (NBFC),31.84,49.47,13.25,11.98,0.60,97.31,72.42,86.72,5.53,16.29,0.02,77.55,28.49,0.00,-6.75,0.59,5.03,81.45,3.90,47.77,1.92,1.37,0.00,-4.06,3.90,0,0
AAVAS Financiers,541988,AAVAS,INE216P01012,Finance,Housing Finance Company,1275.50,10113.99,9.92,13.91,3.11,73.82,18.61,15.04,14.72,1997.53,168.74,23956.26,48.88,0.00,9.75,2.00,6.36,17.72,1.79,14.93,17.59,31.87,0.00,-2.94,1.79,1,1
Abans Financial,543712,AFSL,INE00ZE01026,Finance,Holding Company,211.92,1077.40,7.90,8.29,0.60,0.80,173.77,14.07,8.40,208.35,33.33,1223.03,71.11,0.00,-0.98,0.86,2.04,18.11,4.92,13.69,5.92,,0.00,-1.12,4.92,1,1
Abhinav Capital,532057,,INE516F01016,Finance,Non Banking Financial Company (NBFC),102.85,71.22,4.21,3.38,0.00,77.27,-31.18,-35.56,25.71,3.44,0.02,70.67,73.49,0.00,2.01,0.87,2970.33,15.14,,-35.56,0.69,1.25,0.00,-18.68,,1,1
Abhinav Leasing,538952,,INE211D01027,Finance,Non Banking Financial Company (NBFC),1.10,5.50,6.27,10.30,5.64,38.38,-46.62,87.58,12.50,2.64,0.05,43.25,3.66,0.00,0.00,0.82,2.30,48.96,1.35,87.58,0.05,0.15,0.00,32.48,1.35,1,0
Abhishek Finle.,538935,,INE723C01015,Finance,Non Banking Financial Company (NBFC),66.54,30.69,1.81,1.15,0.00,-10.91,5.61,-8.04,,0.13,0.04,27.92,72.28,0.00,-0.46,5.02,13.50,-8.64,,-10.41,0.04,,0.00,-7.33,,0,1
Abirami Fin.,511756,,INE195I01013,Finance,Non Banking Financial Company (NBFC),36.00,19.44,3.45,2.59,0.00,,,-67.31,39.67,0.63,0.02,1.14,65.65,0.00,0.00,0.99,36.42,44.27,,-66.14,0.22,,4.17,-0.88,,0,0
Acme Resources,539391,,INE636B01011,Finance,Non Banking Financial Company (NBFC),29.10,74.92,1.70,1.08,0.07,-5.86,-32.02,-51.46,64.59,2.10,0.05,81.08,73.42,0.00,-0.01,0.57,19.01,16.01,12.35,-51.46,0.46,0.51,0.00,0.34,12.35,0,0
AD Manum Finance,511359,,INE556D01017,Finance,Non Banking Financial Company (NBFC),55.00,41.25,14.92,12.45,0.26,87.57,16.15,30.15,4.15,14.55,0.24,62.40,74.30,0.00,3.85,0.45,9.65,28.46,11.55,30.15,5.84,3.80,0.00,0.11,11.55,0,0
Adcon Capital,539506,,INE805Q01028,Finance,Non Banking Financial Company (NBFC),0.49,9.72,-3.15,-6.57,0.00,-21.63,101.48,,,-1.14,0.00,9.48,0.00,0.00,0.00,0.32,2.01,,-0.71,,0.02,0.02,0.00,-0.60,-0.71,0,1
Adit.Birla Money,532974,BIRLAMONEY,INE865C01022,Capital Markets,Stockbroking & Allied,129.94,734.28,9.91,22.66,7.35,47.93,20.71,21.39,12.96,225.94,42.09,1774.03,73.53,0.00,0.00,2.45,1.62,30.97,1.51,21.35,2.72,2.00,0.00,-1.79,1.51,0,0
Aditya AMC,543374,ABSLAMC,INE404A01024,Capital Markets,Asset Management Company,1047.90,30321.88,32.23,25.15,0.02,58.92,15.08,17.89,30.03,1306.99,116.39,30246.59,74.72,0.00,-11.77,7.49,1.34,13.17,270.60,17.78,9.60,9.40,2.43,0.73,270.60,0,0
Aditya Birla Cap,540691,ABCAPITAL,INE674K01013,Finance,Investment Company,405.55,111014.05,8.72,12.04,5.22,36.95,14.70,-6.63,27.58,17945.14,1997.54,285821.82,68.81,0.00,-0.30,3.09,0.10,28.22,1.46,-9.09,3.21,5.21,0.00,-8.39,1.46,1,1
Advik Capital,539773,ADVIKCA,INE178T01024,Finance,Non Banking Financial Company (NBFC),1.19,72.41,-5.13,-14.34,1.01,-1202.19,-86.86,,,-15.51,1.60,206.73,22.49,0.00,0.69,0.51,0.80,,-1.12,,-0.02,,0.00,-14.05,-1.12,0,1
AGS Transact,543451,AGSTRA,INE583L01014,Financial Technology (Fintech),Financial Technology (Fintech),2.01,25.82,1.26,-16.31,2.00,4.55,-5.79,,,-96.47,630.61,981.52,26.47,0.00,-39.05,0.05,1.19,,-0.66,,-1.27,-10.72,0.00,3.82,-0.66,0,1
Ajcon Global,511692,,INE759C01027,Finance,Other Financial Services,6.67,40.80,2.93,0.84,0.37,3.83,61.74,-27.27,163.20,1.23,1.95,48.38,65.84,0.00,-1.63,1.61,4.87,-20.10,1.54,-27.25,0.03,0.66,0.00,-2.53,1.54,0,0
Akiko,,AKIKO,INE0PMR01017,Finance,Other Financial Services,410.00,441.55,37.12,29.43,0.25,14.69,,,22.83,29.88,5.75,453.15,67.29,0.00,,7.36,2.38,,20.19,,1.51,,0.00,-4.12,20.19,1,1
Akme Fintrade,544200,AFIL,INE916Y01027,Finance,Non Banking Financial Company (NBFC),9.40,413.36,13.87,10.50,1.19,75.31,28.90,42.95,9.34,118.59,26.06,818.00,39.02,5.04,,0.95,20.46,21.09,1.90,29.44,0.23,0.43,0.00,-5.39,1.90,1,0
Alacrity Sec.,535916,,INE030P01017,Finance,Other Financial Services,46.10,215.10,9.20,6.42,0.09,2.84,25.48,24.35,22.02,13.86,7.30,214.91,54.34,0.00,-11.39,2.33,2.91,25.18,13.86,-4.59,0.82,1.41,0.00,-3.65,13.86,0,1
Alfred Herbert,505216,ALFREDHE,INE782D01027,Finance,Non Banking Financial Company (NBFC),2855.00,219.84,11.70,-24.78,0.00,93.02,154.17,,5.97,43.86,27.86,167.38,73.87,0.00,0.00,0.38,23.67,,,,5506.35,,0.70,-0.62,,1,0
Algoquant Fin,505725,ALGOQUANT,INE598D01035,Finance,Other Financial Services,64.56,1814.76,31.43,27.69,0.25,26.58,159.59,136.18,40.57,64.73,13.09,1693.77,73.68,32.42,7.77,13.48,1.92,67.14,7.70,119.82,0.16,0.49,0.00,1.74,7.70,1,1
Almondz Global,531400,ALMONDZ,INE326B01035,Capital Markets,Stockbroking & Allied,16.96,296.63,11.74,11.25,0.18,14.41,35.67,22.33,8.69,41.93,47.14,338.76,55.01,0.00,-4.65,1.09,3.64,9.23,9.87,17.86,0.40,0.32,0.00,-0.83,9.87,1,1
Amarnath Sec.,538465,,INE745P01010,Finance,Non Banking Financial Company (NBFC),17.76,5.33,-202.34,-277.87,0.15,-3105.00,,,,-5.25,0.00,5.98,0.00,0.00,-55.68,,0.04,,-262.50,,0.13,,0.00,1.37,-262.50,0,0
Amit Securities,531557,,INE137E01014,Finance,Non Banking Financial Company (NBFC),41.61,29.54,0.93,3.34,0.00,2.34,5.95,8.74,49.23,0.14,0.00,29.37,63.34,0.00,0.00,1.80,9.15,26.01,,8.74,0.30,0.03,0.00,-0.04,,0,1
AMPL Capital,539598,,INE727C01024,Finance,Non Banking Financial Company (NBFC),29.29,180.02,21.64,23.60,0.76,71.08,30.81,54.82,7.64,36.70,17.83,266.98,26.03,0.00,-20.09,1.31,1.62,,8.16,46.52,0.06,3.82,0.00,1.67,8.16,0,0
Amrapali Capital,536737,,INE218P01018,Finance,Non Banking Financial Company (NBFC),57.36,56.10,9.02,5.63,0.35,0.05,720.15,98.79,11.54,10.16,22.65,79.42,64.66,0.00,0.00,0.63,1.63,48.75,2.09,98.79,1.05,,0.00,8.54,2.09,1,1
Amrapali Fincap,539265,,INE990S01016,Finance,Investment Company,27.63,37.13,0.41,0.52,0.00,-3.95,-44.81,9.75,47.60,0.61,22.23,37.07,74.77,0.00,0.00,0.25,72.94,6.85,,9.75,0.03,,0.00,-4.53,,1,1
Anand Rathi Shar,544530,ARSSBL,INE549H01021,Capital Markets,Stockbroking & Allied,509.70,3214.49,19.82,14.17,0.62,41.31,25.81,50.01,21.78,381.23,76.83,511.45,69.62,6.15,,2.36,1.20,58.44,2.05,2.76,5.27,9.63,0.98,6.08,2.05,0,0
Anand Rathi Wea.,543415,ANANDRATHI,INE463V01026,Capital Markets,Financial Products Distributor,2213.40,36751.57,57.47,45.30,0.08,39.35,30.97,32.52,79.48,624.42,180.18,36611.72,41.37,13.83,-7.38,35.84,4.12,54.69,40.79,32.74,5.56,7.68,0.29,1.07,40.79,1,1
Angel One,543235,ANGELONE,INE732I01021,Capital Markets,Stockbroking & Allied,294.00,26862.41,14.77,15.59,1.30,37.38,19.61,1.22,26.03,1915.06,504.95,18253.33,28.59,0.00,-9.71,4.38,1.84,25.02,3.96,-1.71,1.26,3.91,1.38,-1.73,3.96,0,1
Anjani Finance,531878,,INE283D01018,Finance,Non Banking Financial Company (NBFC),8.30,8.42,1.45,1.05,0.00,40.82,-28.12,-54.33,52.62,0.20,0.02,3.66,53.38,0.00,0.63,0.55,239.00,-17.55,2.50,-54.33,-0.01,,0.00,0.91,2.50,0,0
Anna Infrastruct,530799,,INE336D01014,Finance,Non Banking Financial Company (NBFC),30.99,11.78,8.43,5.89,0.00,45.77,19.33,41.38,20.31,1.13,0.67,11.01,73.19,0.00,1.30,1.03,24.26,18.35,113.00,41.38,0.11,,0.00,-2.27,113.00,1,1
Anupam Finserv,530109,,INE069B01023,Finance,Non Banking Financial Company (NBFC),1.88,35.68,8.16,6.62,0.30,61.42,28.27,26.64,16.44,3.43,0.73,44.65,51.75,0.00,22.44,1.17,0.84,8.95,6.73,35.28,0.02,0.07,0.00,-25.84,6.73,1,1
Apollo Finvest,512437,,INE412D01013,Finance,Non Banking Financial Company (NBFC),368.15,137.42,11.57,6.16,0.23,59.72,-22.45,-24.37,17.20,14.15,3.61,151.26,70.70,0.00,-0.03,1.85,0.63,1.24,6.87,-24.38,6.19,8.67,0.00,-3.73,6.87,0,1
Apoorva Leasing,539545,APOORVA,INE217S01014,Finance,Other Financial Services,27.63,55.19,0.23,0.22,0.00,13.39,-35.67,-46.24,183.97,0.30,117.47,54.93,52.66,0.00,0.00,0.37,55.60,-37.26,,-46.24,0.01,0.05,0.00,31.33,,0,0
Aptus Value Hou.,543335,APTUS,INE852O01025,Finance,Housing Finance Company,256.15,12828.45,15.41,20.11,1.56,82.40,26.10,23.30,13.03,1912.39,39.31,20141.48,23.86,0.00,-38.35,2.53,10.00,28.71,2.91,23.08,4.39,7.46,1.76,-1.88,2.91,1,0
ARC Finance,540135,,INE202R01026,Finance,Other Financial Services,0.51,44.45,1.28,0.73,0.14,5.84,59.52,29.70,58.49,1.42,1.06,58.01,6.97,0.00,-5.05,0.45,21.37,31.95,3.74,31.53,0.00,0.02,0.00,-12.22,3.74,0,
Arihant Capital,511605,ARIHANTCAP,INE420B01036,Capital Markets,Stockbroking & Allied,79.39,870.22,11.00,7.69,0.54,34.78,14.38,3.22,21.73,79.20,33.94,600.12,67.68,0.00,-6.44,1.97,1.75,-1.73,3.16,1.47,1.22,1.71,0.63,0.23,3.16,0,1
Arman Financial,531179,ARMANFIN,INE109C01017,Finance,Non Banking Financial Company (NBFC),2034.20,2138.91,11.74,6.26,1.90,52.37,15.07,-15.50,18.38,363.17,31.62,3515.75,22.00,0.00,-5.26,2.29,5.05,39.75,1.67,-21.30,-13.90,24.41,0.00,8.98,1.67,1,0
Arman Holdings,538556,,INE510P01018,Finance,Investment Company,116.90,60.91,18.65,13.95,0.00,12.66,-4.97,262.16,36.47,2.21,0.00,59.71,21.83,0.00,-3.10,8.30,14.19,,,262.16,-0.02,,0.00,1.00,,0,0
Arnold Holdings,537069,,INE185K01036,Finance,Non Banking Financial Company (NBFC),13.95,33.17,9.50,7.08,1.32,6.67,1.19,7.78,7.90,14.35,1.34,78.11,20.28,0.00,7.04,0.51,3.55,49.59,1.93,16.57,1.35,0.95,0.00,-2.23,1.93,0,0
Arunjyoti Bio,530881,,INE485K01022,Finance,Other Financial Services,4.83,90.02,-0.42,-5.42,0.78,5.10,151.71,,,-1.87,45.59,112.16,47.64,0.00,-1.33,3.13,0.43,,-1.00,,0.11,-0.03,0.00,15.79,-1.00,1,0
Aryaman Capital,538716,,INE229R01011,Finance,Investment Company,430.00,515.02,31.88,29.96,0.00,65.38,8.15,165.20,20.94,29.88,1.49,489.92,74.28,0.00,0.00,4.76,11.81,156.56,96.39,165.20,9.21,3.00,0.00,1.21,96.39,0,0
Aryaman Fin.Serv,530245,ARYAMAN,INE032E01017,Finance,Non Banking Financial Company (NBFC),644.30,789.07,22.20,20.45,0.00,61.29,14.86,96.12,26.60,48.23,2.57,708.37,63.92,0.00,1.75,4.92,15.38,107.43,185.50,93.06,8.20,5.09,0.00,1.10,185.50,0,0
Aryan Share,542176,,INE016X01010,Finance,Other Financial Services,19.20,5.76,10.36,11.50,0.00,0.00,-18.37,49.93,6.40,1.39,0.04,5.60,55.18,0.00,-4.30,0.34,0.84,44.39,,49.93,3.87,,0.00,-3.61,,0,0
Ascom Leasing &,,ASCOM,INE08KD01015,Finance,Non Banking Financial Company (NBFC),210.90,247.05,13.21,10.04,0.04,59.49,2.44,1.98,46.97,7.55,0.99,244.49,74.85,0.00,0.87,4.49,6.08,1.89,13.73,1.98,2.14,,0.00,0.02,13.73,0,0
Ashika Global Securities.,543766,ASHIKAG,INE094B01013,Finance,Non Banking Financial Company (NBFC),436.55,3227.22,13.33,7.49,0.22,53.11,,,42.98,151.00,186.11,3003.62,74.32,0.00,20.30,1.67,1.42,,7.28,,22.97,,0.11,7.59,7.28,0,0
Ashirwad Cap.,512247,,INE894A01026,Finance,Other Financial Services,2.72,24.48,6.70,5.41,0.16,87.10,14.74,11.02,18.69,1.87,0.14,27.41,51.01,0.00,0.01,1.28,0.01,12.39,5.19,11.02,0.00,,0.00,2.55,5.19,1,
Ashtasidhhi Ind,531341,,INE373D01017,Finance,Non Banking Financial Company (NBFC),15.54,11.67,1.65,0.78,0.01,0.39,188.16,25.99,77.80,0.22,0.00,11.45,58.07,0.00,0.00,1.14,1.60,21.67,,25.99,0.00,0.11,0.00,0.33,,1,
Asia Capital,538777,,INE131Q01011,Finance,Non Banking Financial Company (NBFC),108.00,33.39,3.02,2.69,0.00,28.57,-3.52,-11.21,208.69,0.23,0.00,31.03,75.00,0.00,0.00,6.28,239.00,-4.90,,-11.21,0.03,0.35,0.00,20.23,,0,1
Asit C Mehta Fin,530723,,INE041B01014,Capital Markets,Stockbroking & Allied,108.00,89.06,5.79,-6.84,4.63,10.99,21.98,21.96,,8.45,58.48,158.62,74.99,0.00,-2.54,3.88,0.76,,0.92,21.98,-2.76,-1.41,0.00,2.70,0.92,0,0
Assam Entrade,542911,ASSAMENT,INE165G01010,Finance,Non Banking Financial Company (NBFC),778.05,112.02,5.13,3.12,0.03,-17.01,7.95,9.76,59.27,3.21,1.96,113.45,54.42,0.00,1.24,1.75,24.04,6.92,13.38,9.76,3.33,6.38,0.00,-0.01,13.38,0,0
Atharv Enter,530187,,INE354E01031,Finance,Non Banking Financial Company (NBFC),4.20,7.14,1.40,0.94,0.02,-909.09,-16.01,19.98,37.58,0.31,0.78,7.47,7.17,0.00,0.00,0.35,0.68,,7.75,19.98,0.03,,0.00,6.84,7.75,0,0
AU Small Finance,540611,AUBANK,INE949L01017,Banks,Other Bank,1077.10,80844.77,7.66,14.25,8.34,54.70,31.45,22.81,28.30,13556.26,881.48,240404.21,22.74,0.00,-2.79,4.04,2.07,17.70,1.38,18.18,7.79,13.57,0.09,2.47,1.38,1,1
Authum Invest,539177,AIIL,INE206F01022,Finance,Non Banking Financial Company (NBFC),545.90,46359.22,13.76,13.16,0.21,87.95,88.86,99.93,22.15,2428.90,344.26,49134.54,68.81,0.00,-2.66,3.19,0.61,69.97,10.86,99.92,11.08,5.49,0.02,0.39,10.86,0,0
Available Fin.,531310,,INE325G01010,Finance,Other Financial Services,150.15,153.21,0.02,8.57,0.00,59.02,-0.55,-14.57,1.04,0.36,0.01,153.18,65.53,0.00,3.73,0.12,0.50,4.79,,-14.57,36.74,0.10,0.00,0.00,,1,1
AvenuesAI,539807,CCAVENUE,INE483S01020,Financial Technology (Fintech),Financial Technology (Fintech),15.27,5326.78,7.71,6.64,0.09,3.95,60.52,29.90,17.96,378.66,3103.80,4827.82,27.29,0.00,-3.34,1.12,2.01,31.26,14.38,28.16,0.18,0.31,0.00,-1.29,14.38,1,1
Avonmore Capital,511589,AVONMORE,INE323B01024,Finance,Non Banking Financial Company (NBFC),13.90,392.24,5.87,3.62,0.06,11.58,-3.41,-50.76,25.42,38.78,62.92,407.37,58.46,0.00,-10.66,1.01,3.24,-8.78,19.01,-50.77,0.14,0.28,0.00,-0.31,19.01,0,1
Axis Bank,532215,AXISBANK,INE238A01034,Banks,Private Sector Bank,1265.00,393804.98,6.24,13.12,7.47,59.70,14.87,34.58,14.18,110326.05,6814.93,1991579.18,7.87,0.00,-0.32,1.78,2.13,29.65,1.45,34.13,20.13,24.61,0.08,1.49,1.45,0,1
Aye Finance,544699,AYE,INE501X01029,Finance,Non Banking Financial Company (NBFC),183.92,4538.88,11.38,9.24,2.00,43.68,42.79,53.24,19.11,841.91,61.73,8592.91,0.00,0.00,,1.79,7.04,62.87,1.56,-58.70,1.60,,0.00,-4.84,1.56,1,1
B N Rathi Sec.,523019,,INE710D01028,Finance,Other Financial Services,18.42,76.90,18.94,12.60,0.00,11.71,10.52,6.75,7.28,15.47,3.31,-5.22,46.76,0.00,-11.34,0.97,0.95,21.00,17.38,-0.70,0.35,0.40,2.71,-2.47,17.38,0,1
B P Capital,536965,,INE947C01010,Finance,Non Banking Financial Company (NBFC),9.39,5.65,-3.07,-3.85,0.27,,,-7.72,,-0.18,0.00,6.83,7.06,0.00,0.00,1.30,1.39,-1.28,,-7.72,-0.07,,0.00,0.75,,0,0
Baid Finserv,511724,BAIDFIN,INE020D01022,Finance,Non Banking Financial Company (NBFC),9.74,157.88,10.93,7.27,1.23,53.77,20.98,12.98,10.32,52.44,5.91,434.39,49.73,0.00,14.93,0.65,1.51,14.73,1.64,11.81,0.27,0.43,1.03,0.02,1.64,0,0
Bajaj Finance,500034,BAJFINANCE,INE296A01032,Finance,Non Banking Financial Company (NBFC),1079.90,672340.81,10.87,18.25,3.82,68.14,25.57,18.62,32.83,57553.65,3946.56,1091697.98,54.68,0.00,-1.19,5.89,3.16,34.15,1.94,17.54,7.56,12.90,0.50,-4.10,1.94,1,1
Bajaj Finserv,532978,BAJAJFINSV,INE918I01026,Finance,Holding Company,2002.00,320732.68,10.58,13.23,5.52,37.79,22.41,15.71,31.21,58249.72,6729.07,733028.60,58.72,0.00,-2.07,4.11,0.29,17.32,1.99,15.52,17.46,25.95,0.07,-3.61,1.99,0,0
Bajaj Holdings,500490,BAJAJHLDNG,INE118A01012,Finance,Holding Company,11340.00,126202.86,11.00,11.90,0.00,84.69,29.06,18.56,14.25,9067.85,180.55,126180.58,51.46,0.00,0.00,1.73,1.45,17.24,17438.17,18.56,313.27,38.46,1.28,-0.28,17438.17,1,0
Bajaj Housing,544252,BAJAJHFL,INE377Y01014,Finance,Housing Finance Company,85.00,70824.84,8.85,12.11,4.60,91.31,25.32,26.90,26.21,10546.88,154.07,174363.23,86.70,0.00,,3.14,0.75,41.48,1.50,18.07,0.70,1.24,0.00,-7.91,1.50,1,1
Balmer Law. Inv.,532485,BLIL,INE525F01025,Finance,Holding Company,72.14,1601.31,16.91,12.67,0.15,13.48,5.32,17.37,8.94,410.22,883.09,1207.76,59.67,0.00,0.00,1.11,2.33,17.49,10.36,17.38,2.01,1.64,5.96,0.37,10.36,0,0
BAMPSL Sec.,531591,,INE802A01037,Finance,Non Banking Financial Company (NBFC),19.10,65.01,1.54,1.01,0.00,3.02,100.72,-2.38,162.52,0.61,0.29,65.00,10.83,0.00,0.00,1.63,353.50,82.06,,-2.38,0.16,0.13,0.00,-2.03,,0,0
Banas Finance,509053,,INE521L01030,Finance,Investment Company,7.49,67.09,7.86,7.10,0.00,34.43,41.55,30.28,3.10,21.82,0.04,59.09,26.58,0.00,8.99,0.49,380.60,-0.57,181.83,30.59,1.19,3.78,0.00,0.01,181.83,0,0
Bandhan Bank,541153,BANDHANBNK,INE545U01014,Banks,Private Sector Bank,168.25,27106.95,6.41,4.88,7.06,46.36,10.89,-17.68,20.03,12738.86,931.02,194627.52,37.54,0.00,-2.45,1.06,4.15,-11.10,1.17,-17.68,2.31,2.82,0.89,0.90,1.17,0,1
Bank of Baroda,532134,BANKBARODA,INE028A01039,Banks,Public Sector Bank,241.90,125095.25,5.63,12.70,10.89,63.95,12.57,10.03,5.66,110515.32,12135.42,1909656.49,63.97,0.00,0.00,0.74,1.93,72.77,1.33,10.03,6.71,13.48,3.51,1.39,1.33,0,0
Bank of India,532149,BANKINDIA,INE084A01016,Banks,Public Sector Bank,144.00,65558.42,5.93,12.41,11.83,72.26,16.41,41.92,5.57,66255.08,11769.93,1094827.00,73.38,0.00,-8.03,0.72,3.02,39.24,1.30,37.09,4.02,8.47,3.23,1.87,1.30,1,1
Bank of Maha,532525,MAHABANK,INE457A01014,Banks,Public Sector Bank,83.80,64455.23,6.03,22.65,10.74,68.75,22.58,39.16,8.55,24551.95,2947.97,432791.08,73.60,0.00,-12.86,1.81,2.79,65.15,1.52,33.11,1.96,2.98,2.63,1.28,1.52,1,1
Bazel Internatio,539946,,INE217E01014,Finance,Non Banking Financial Company (NBFC),26.41,25.92,2.36,1.23,0.19,37.17,,,25.41,1.98,12.36,37.33,0.03,0.00,-0.43,0.39,2.07,,4.40,,0.62,0.61,0.00,-16.36,4.40,0,0
BCL Enterprises,539621,,INE368E01023,Finance,Non Banking Financial Company (NBFC),0.76,8.86,-12.00,-55.68,9.52,-441.67,-55.80,,,-7.41,0.15,81.02,3.15,0.00,0.00,1.16,0.35,,-2.56,,0.02,-0.36,0.00,-0.37,-2.56,0,0
Beacon Trust.,,BEACON,INE639X01027,Capital Markets,"Depositories, Clearing Houses and Other Intermediaries",82.65,149.31,19.76,14.46,0.00,35.45,31.15,21.94,21.39,9.66,14.07,147.16,46.15,0.00,,2.89,2.29,49.01,483.00,-32.83,0.65,,0.00,-3.22,483.00,1,1
BEML Land Assets,543898,BLAL,INE0N7W01012,Finance,Investment Company,166.14,691.88,-192.83,0.90,0.00,55.10,,26.32,302.13,1.00,9.73,691.86,54.03,0.00,0.00,617.75,1.50,,0.89,26.32,-0.66,,0.00,-0.25,0.89,0,0
Bengal & Assam,533095,BENGALASM,INE083K01017,Finance,Non Banking Financial Company (NBFC),6339.50,7229.50,3.92,8.11,0.06,15.63,-47.01,-4.65,9.40,432.36,488.34,7758.13,72.87,0.00,0.21,0.68,1.75,10.61,8.62,-4.95,219.05,112.20,0.79,0.35,8.62,0,0
Bervin Invest.,531340,,INE348I01018,Finance,Other Financial Services,54.72,32.27,-50.22,-66.05,0.22,,,-24.07,21.37,1.98,0.00,33.95,73.55,0.00,0.00,1.72,5.34,,4.21,-24.07,-29.31,,0.00,20.68,4.21,0,0
Beryl Securities,531582,,INE508J01015,Finance,Non Banking Financial Company (NBFC),29.26,14.19,9.30,3.16,0.73,40.53,77.14,35.02,25.80,2.03,0.38,21.04,60.59,0.00,8.18,1.38,0.93,0.64,1.59,35.02,0.31,0.35,0.00,-6.54,1.59,1,1
BF Investment,533303,BFINVEST,INE878K01010,Finance,Holding Company,442.80,1667.58,4.86,3.65,0.00,84.68,34.73,2.84,4.28,519.35,14.27,1098.83,74.13,0.00,0.00,0.20,42.45,1.10,,2.84,10.21,5.77,2.26,0.10,,1,1
BFL Asset Finves,539662,,INE948Q01018,Finance,Non Banking Financial Company (NBFC),7.60,7.75,-22.79,-42.24,1.37,8.36,157.56,,24.22,1.28,0.00,21.93,27.06,0.00,10.98,0.74,275.22,,1.31,,6.46,,0.00,1.27,1.31,0,1
Bharat Bhushan,511501,,INE900A01013,Finance,Other Financial Services,24.09,16.29,0.76,0.36,0.00,43.30,7.97,-9.14,54.30,0.42,0.03,16.16,64.07,0.00,10.06,0.62,3.50,24.57,,-8.97,0.61,,1.66,4.38,,0,1
BIL Vyapar,500059,BILVYAPAR,INE071A01013,Finance,Holding Company,4.10,12.86,,,,,,25.98,,-0.03,0.00,179.05,51.27,0.00,-1.35,,0.10,14.58,,25.98,-0.13,,0.00,-0.23,,0,0
Billionbrains,544603,GROWW,INE0HOQ01053,Capital Markets,Stockbroking & Allied,191.46,120114.28,37.32,28.81,0.03,61.65,59.64,66.41,49.23,3347.34,1491.74,112067.66,27.14,1.31,,12.45,1.59,,90.86,-63.15,1.81,1.56,0.00,-0.54,90.86,0,0
Biogen Pharma,531752,,INE703D01023,Finance,Other Financial Services,0.28,29.49,1.01,0.90,0.00,-4.49,,84.69,,-0.17,0.00,29.17,0.00,0.00,0.00,0.30,1.58,20.47,,72.23,0.01,,0.00,3.72,,,0
BLB,532290,BLBLIMITED,INE791A01024,Finance,Investment Company,15.98,84.48,40.25,29.29,0.00,5.00,50.35,82.68,3.08,38.56,4.63,74.41,45.77,0.00,-5.76,0.65,20.43,97.14,26.41,82.68,2.17,10.75,0.00,-0.41,26.41,1,0
Blue Chip India,531936,BLUECHIP,INE657B01025,Finance,Investment Company,2.14,11.84,,,,-238.89,53.26,-15.66,,-0.39,0.01,11.82,11.24,0.00,0.00,,0.04,1.30,,-15.66,-0.02,,0.00,0.01,,0,1
Bombay Oxygen,509470,,INE01TL01014,Finance,Non Banking Financial Company (NBFC),19612.85,294.19,-0.81,-0.68,0.00,32.74,,,280.18,0.89,6.51,294.02,73.29,0.00,0.00,0.62,3.97,,,,1615.33,,0.13,-0.11,,0,0
Bridge Securitie,530249,,INE958C01025,Finance,Other Financial Services,8.51,33.08,43.60,32.22,0.01,75.61,30.38,62.35,33.76,1.53,0.18,33.09,0.00,0.00,-0.48,4.96,8.55,4.56,,58.34,0.12,,0.00,-0.66,,0,0
Brijlaxmi Leas.,532113,,INE957E01031,Finance,Non Banking Financial Company (NBFC),8.55,5.53,6.42,10.30,3.02,47.57,9.55,117.22,8.78,1.47,0.08,26.55,24.58,0.00,10.88,0.80,0.70,,2.30,109.61,0.29,0.35,0.00,7.89,2.30,0,0
BSE,,BSE,INE118H01025,Capital Markets,Exchange and Data Platform,3405.00,138685.34,59.99,46.05,0.00,64.30,76.95,126.22,48.98,3761.40,642.03,133512.56,0.00,0.00,0.00,20.78,1.09,69.36,,126.05,13.28,26.94,0.29,0.20,,1,1
BSEL ALGO,532123,,INE395A01016,Finance,Investment Company,4.03,34.91,-7.48,-7.47,0.00,-105.74,,,,-34.40,1.14,34.51,20.41,0.00,3.96,0.07,1.76,,,,0.02,,0.00,-0.67,,0,1
BYLD Capital Finance,511730,,INE759D01017,Finance,Non Banking Financial Company (NBFC),19.80,29.71,-37.92,-37.43,0.10,-1100.00,-42.76,,,-2.32,0.03,30.50,74.62,0.00,8.74,3.01,23.70,,,,-0.13,,0.00,0.02,,1,0
C D S L,,CDSL,INE736A01011,Capital Markets,"Depositories, Clearing Houses and Other Intermediaries",1414.70,29567.23,31.98,24.53,0.00,50.01,27.29,18.47,62.74,624.63,500.01,29486.36,15.00,0.00,0.00,15.09,0.96,17.90,3903.94,18.47,4.90,7.56,0.90,0.74,3903.94,0,0
Cams Services,543232,CAMS,INE596I01020,Capital Markets,"Depositories, Clearing Houses and Other Intermediaries",762.00,18920.27,48.27,36.96,0.04,45.89,15.00,16.17,41.70,612.82,203.84,18603.69,0.00,0.00,-19.91,15.64,2.64,14.85,109.63,15.70,4.25,5.97,1.64,0.74,109.63,0,0
Can Fin Homes,511196,CANFINHOME,INE477A01020,Finance,Housing Finance Company,815.50,10858.76,9.14,19.66,6.40,92.09,15.43,20.47,9.61,3938.82,49.88,48812.15,29.99,0.00,0.00,1.82,2.51,18.94,1.53,20.47,16.81,28.44,1.84,-2.65,1.53,1,0
Canara Bank,532483,CANBK,INE476A01022,Banks,Public Sector Bank,128.35,116421.81,6.52,16.08,14.28,71.43,13.74,17.89,5.86,114822.76,10561.06,1830276.80,62.93,0.00,0.00,0.94,5.50,44.35,1.28,17.89,3.52,6.00,3.27,3.49,1.28,0,1
Canara HSBC,544583,CANHLIFE,INE01TY01017,Insurance,Life Insurance,154.19,14648.05,8.35,8.11,0.15,0.50,11.06,11.56,111.54,146.22,34.06,14667.40,62.00,0.00,,8.97,1.03,6.00,,11.56,0.25,0.40,0.26,10.23,,0,0
Canara Robeco,544580,CRAMC,INE218I01013,Capital Markets,Asset Management Company,259.90,5182.86,40.11,30.28,0.02,63.44,30.80,37.24,23.73,296.23,22.75,5198.26,75.00,0.00,,6.95,1.18,41.18,139.73,-13.55,3.06,3.89,1.54,0.81,139.73,0,1
Capfin India,539198,,INE960C01013,Finance,Non Banking Financial Company (NBFC),133.05,60.51,-9.32,-7.33,0.01,-187.88,-12.22,,,-0.62,0.00,56.69,71.12,0.00,52.97,5.37,196.00,,,,-0.85,-0.40,0.00,-1.75,,0,0
Capital India,530879,CIFL,INE345H01024,Finance,Non Banking Financial Company (NBFC),20.72,810.27,1.17,-8.63,1.43,8.03,-7.17,-13.55,,16.99,84.47,1455.17,72.59,0.00,-0.45,1.20,2.13,,0.19,-13.19,-0.07,-0.23,0.10,10.10,0.19,0,0
Capital Small,544120,CAPITALSFB,INE646H01017,Banks,Other Bank,281.65,1280.53,7.07,10.09,7.58,64.64,15.76,14.74,8.50,805.85,101.90,12181.41,18.29,0.00,,0.86,10.36,28.23,1.33,,7.07,14.07,1.78,1.96,1.33,0,1
Capital Trade Lk,538476,,INE172D01021,Finance,Non Banking Financial Company (NBFC),27.33,351.90,6.96,2.63,1.78,40.06,,,186.19,15.72,3.22,479.61,39.85,0.00,-0.43,4.80,0.43,,1.37,,0.19,,0.00,8.38,1.37,0,0
Capital Trust,511505,CAPTRUST,INE707C01018,Finance,Non Banking Financial Company (NBFC),20.02,68.11,-16.80,-63.52,0.65,-39.90,-21.52,-0.85,,-16.08,2.09,103.34,54.13,0.00,-12.82,1.11,3.16,-43.88,-1.77,-12.85,-1.80,-1.16,0.00,-18.05,-1.77,0,0
Capri Global,531595,CGCL,INE180C01042,Finance,Non Banking Financial Company (NBFC),257.98,24821.65,11.67,16.50,3.35,66.36,47.82,66.74,22.01,3419.74,364.11,46810.84,59.92,0.00,-9.99,3.45,2.03,39.92,1.78,58.39,1.82,5.33,0.08,-9.11,1.78,1,1
CARE Ratings,534804,CARERATING,INE752H01013,Capital Markets,Ratings,1682.10,5062.10,26.30,19.69,0.03,41.59,19.25,27.02,28.49,245.36,122.40,4959.26,0.00,0.00,0.00,5.42,5.58,13.84,98.54,26.53,8.61,19.50,1.31,0.77,98.54,1,1
Caspian Corporat,534732,,INE176N01039,Finance,Other Financial Services,35.17,44.53,4.23,2.28,1.48,1.15,352.74,14.19,,-0.03,5.53,83.54,70.92,0.00,-4.05,1.50,1.49,,-0.01,14.01,0.04,-1.08,1.42,-3.02,-0.01,0,0
Ceejay Finance,530789,,INE358C01010,Finance,Non Banking Financial Company (NBFC),166.50,57.44,11.40,9.72,0.52,56.11,10.22,4.27,7.20,14.33,6.27,99.30,59.03,0.00,-0.12,0.69,0.53,11.55,3.72,4.27,5.07,7.66,0.72,-1.99,3.72,1,0
Central Bank,532885,CENTRALBK,INE483A01010,Banks,Public Sector Bank,30.54,27642.98,5.64,11.90,12.41,62.75,12.13,39.05,6.06,28970.37,5149.10,517791.10,81.19,0.00,-11.89,0.67,5.42,45.91,1.29,37.12,1.42,1.98,3.93,-0.74,1.29,1,0
Centrum Capital,501150,CENTRUM,INE660C01027,Finance,Other Financial Services,23.05,1122.14,7.33,-84.62,51.52,26.01,45.07,-30.94,,1177.27,988.13,15896.04,39.44,23.57,0.95,3.60,4.42,,0.69,-16.97,-0.33,-2.72,0.00,-14.26,0.69,0,1
Challani Capital,530747,,INE807A01010,Finance,Non Banking Financial Company (NBFC),18.73,28.10,9.50,9.50,0.05,29.75,30.06,40.57,59.79,0.47,0.30,26.40,74.99,53.36,0.04,3.31,87.00,33.03,,40.57,0.29,0.05,0.00,0.46,,0,0
Charter. Capital,511696,,INE953B01010,Finance,Other Financial Services,252.00,75.85,2.35,1.60,0.00,69.21,50.70,101.75,9.18,9.65,0.13,75.75,74.37,0.00,0.00,0.44,7.17,43.20,965.00,101.75,6.64,,0.00,-2.52,965.00,1,1
Choice Intl.,531358,CHOICEIN,INE102B01014,Finance,Holding Company,786.40,17519.14,17.96,16.13,0.54,35.28,41.74,53.59,76.85,429.09,393.18,17907.83,53.66,11.90,-2.32,10.48,2.06,67.05,4.49,47.92,2.19,3.55,0.00,-2.77,4.49,1,0
Chola Financial,504973,CHOLAHLDNG,INE149A01033,Finance,Investment Company,1498.80,28144.09,9.75,17.47,13.61,55.71,29.20,23.71,10.55,22964.85,2208.66,223568.34,46.44,0.02,-1.95,1.82,0.92,24.26,1.54,23.71,30.81,53.65,0.09,-7.28,1.54,1,1
Cholaman.Inv.&Fn,511243,CHOLAFIN,INE121A01024,Finance,Non Banking Financial Company (NBFC),1862.90,159103.95,9.71,19.35,6.93,68.58,34.17,25.26,27.67,22591.77,1868.64,355478.48,49.23,0.00,-2.23,5.21,4.59,28.05,1.51,23.76,13.53,25.71,0.11,-7.65,1.51,1,1
Cil Securities,530829,,INE830A01012,Finance,Non Banking Financial Company (NBFC),38.85,19.43,7.02,5.18,0.00,29.64,-4.90,-13.50,11.30,2.26,0.80,10.52,75.00,0.00,0.00,0.59,2.11,17.36,56.50,-13.50,0.82,1.14,0.00,-0.10,56.50,1,1
Cindrella Fin.,531283,,INE897D01015,Finance,Non Banking Financial Company (NBFC),9.98,4.15,0.46,1.23,0.00,30.43,-43.00,-62.93,34.58,0.06,0.00,3.21,30.21,0.00,0.06,0.64,651.00,18.77,,-62.93,-0.07,,0.00,-1.11,,0,0
CitiPort Fin.,531235,,INE494D01011,Finance,Non Banking Financial Company (NBFC),49.21,15.26,16.41,9.42,0.00,69.51,42.42,149.33,46.24,0.57,0.00,15.23,29.01,0.00,0.00,4.42,33.56,73.01,4.75,149.33,0.26,0.72,0.00,-1.33,4.75,1,0
City Union Bank,532210,CUB,INE491A01021,Banks,Private Sector Bank,222.24,22019.26,6.74,13.20,7.92,68.68,13.37,12.13,15.70,6017.61,468.53,99386.69,0.00,0.00,0.00,2.08,4.14,17.40,1.42,12.00,3.10,4.91,0.90,0.90,1.42,1,1
Classic Leasing,540481,,INE949C01016,Finance,Other Financial Services,54.94,67.30,10.83,66.08,0.99,73.65,101.04,203.66,47.06,1.43,0.02,74.75,38.41,0.00,4.91,8.89,61.00,,,89.99,0.57,0.35,0.00,0.61,,1,0
CMX Holdings,532217,,INE027F01014,Finance,Other Financial Services,23.74,26.93,-50.75,,,,,,,-0.34,0.00,34.58,51.77,0.00,-12.53,,0.90,,-0.64,,-0.07,,0.00,1.08,-0.64,1,1
Colab Platforms,542866,,INE317W01030,Finance,Other Financial Services,135.05,2755.02,23.14,17.19,0.06,1.02,,,569.22,6.65,0.09,2746.96,33.88,0.00,0.00,94.41,1.19,,,,0.06,,0.01,1.30,,1,0
Comfort Comtrade,534691,,INE456N01019,Finance,Other Financial Services,14.91,14.94,-27.07,-27.61,0.35,-150.25,,,,-22.32,0.00,22.58,52.38,0.00,2.13,0.39,3.53,,-25.66,,6.56,,3.35,-0.68,-25.66,0,0
Comfort Fincap,535267,,INE274M01026,Finance,Non Banking Financial Company (NBFC),7.32,71.78,10.19,8.02,0.04,65.27,3.17,15.51,10.21,10.49,1.78,72.22,57.17,0.00,1.83,0.66,1.87,12.37,11.40,-2.40,0.31,0.27,1.37,-3.87,11.40,1,0
Cons. Finvest,,CONSOFINVT,INE025A01027,Finance,Non Banking Financial Company (NBFC),269.00,870.60,5.65,4.95,0.00,99.00,-46.94,-44.29,15.99,62.09,0.75,870.52,74.89,0.00,0.48,0.75,7.63,44.46,,-44.29,3.91,5.30,0.42,0.09,,0,0
Consecutive Commodities,539091,,INE187R01029,Finance,Investment Company,1.15,73.67,17.44,14.40,0.00,6.79,,200.00,22.26,4.18,0.00,73.66,24.16,0.00,2.58,3.67,16.99,93.32,,116.27,0.01,0.07,0.00,-2.50,,1,1
Cont. Securities,538868,,INE183Q01020,Finance,Non Banking Financial Company (NBFC),19.96,63.38,13.60,10.12,0.01,78.44,46.74,51.48,26.41,3.20,0.27,63.06,40.21,0.00,-2.72,2.34,0.50,44.30,160.00,34.37,0.16,0.31,0.25,-3.24,160.00,1,1
Corporate Merch,540199,,INE850R01014,Finance,Other Financial Services,43.92,278.47,2.68,4.45,0.46,,,526.58,207.81,2.04,0.00,326.65,3.12,0.00,-71.58,2.67,4.98,200.25,,144.96,1.76,,0.00,-34.69,,0,0
CP Capital,533260,CPCAP,INE521J01018,Finance,Non Banking Financial Company (NBFC),114.16,207.69,9.83,7.61,0.13,85.48,-3.67,54.53,4.60,65.58,190.50,281.83,63.80,0.00,0.12,0.36,0.11,117.74,8.36,54.53,5.92,8.67,2.63,-0.01,8.36,1,1
CreditAcc. Gram.,541770,CREDITACC,INE741K01010,Finance,Microfinance Institutions,1391.70,22330.43,9.98,10.51,3.01,57.05,20.22,-1.99,18.44,3579.07,587.52,44644.92,66.21,0.00,-0.56,2.84,4.52,40.43,1.82,-2.81,3.77,25.76,0.00,2.05,1.82,1,1
Crescentis Capital,511571,,INE754C01010,Finance,Non Banking Financial Company (NBFC),104.65,178.05,-4.87,-4.78,0.19,36.23,4.97,,150.89,2.67,0.14,191.12,74.98,0.00,5.64,2.34,3.97,,7.42,,1.97,,0.00,0.32,7.42,0,1
Crest Ventures,511413,CREST,INE559D01011,Finance,Non Banking Financial Company (NBFC),371.95,1058.19,5.67,3.75,0.22,49.39,-37.46,-50.90,32.08,64.91,74.28,1156.09,69.84,0.00,0.88,0.81,3.55,73.38,3.09,-50.90,8.85,1.64,0.27,-0.16,3.09,0,0
CRISIL,500092,CRISIL,INE007A01025,Finance,Other Financial Services,4732.70,34610.24,32.55,24.46,0.10,29.79,9.64,7.25,39.14,1201.52,1514.72,34518.44,66.64,0.00,-0.03,10.58,1.87,14.40,49.02,7.22,23.46,38.98,0.53,0.87,49.02,1,1
CSB Bank,542867,CSBBANK,INE679A01013,Banks,Private Sector Bank,336.30,5834.33,7.05,13.46,10.50,56.08,24.77,4.94,8.78,3825.38,708.30,53218.04,40.00,0.00,-9.72,1.19,3.59,23.69,1.30,4.94,6.84,14.14,0.00,-9.35,1.30,0,1
CSL Finance,530067,CSLFINANCE,INE718F01018,Finance,Non Banking Financial Company (NBFC),230.92,526.10,14.42,14.83,1.38,76.70,29.72,23.64,6.04,203.43,8.22,1289.11,48.16,0.00,-3.30,0.85,11.02,25.65,2.28,19.81,9.36,15.16,1.30,-2.41,2.28,1,0
Cubical Finan,511710,,INE717D01023,Finance,Non Banking Financial Company (NBFC),5.37,35.00,2.11,1.12,0.00,21.37,4.14,37.26,106.06,0.55,0.01,33.96,30.80,0.00,0.00,2.29,140.00,-3.20,,37.26,0.01,0.02,0.00,0.13,,0,1
Dalal Street Inv,501148,,INE422D01012,Finance,Investment Company,344.00,11.01,0.48,-0.20,0.21,-14.75,-10.04,,220.20,0.12,1.68,11.95,74.68,0.00,0.00,2.25,6.00,,2.00,,-7.62,,0.00,-1.79,2.00,0,0
Dam Capital Advi,544316,DAMCAPITAL,INE284H01025,Capital Markets,Stockbroking & Allied,146.27,1033.92,35.36,24.42,0.01,51.12,40.77,102.97,14.24,106.34,96.92,738.81,40.00,0.00,,3.12,2.94,,11.99,,0.03,,0.68,0.33,11.99,0,0
Dar Credit & Cap,,DCCL,INE04Q901010,Finance,Non Banking Financial Company (NBFC),44.50,63.53,13.39,11.42,1.88,67.18,25.19,55.01,6.19,34.66,8.12,224.48,69.14,0.00,,0.60,2.00,25.00,1.59,37.66,1.43,2.85,2.25,3.85,1.59,0,0
Darjeeling Industriies,539770,,INE830S01014,Finance,Other Financial Services,29.00,22.80,22.21,16.78,0.00,46.65,,,10.51,2.96,6.75,22.42,3.22,0.00,-5.07,1.47,1.56,179.97,,154.52,-0.56,,0.00,-42.70,,0,0
Daulat Securitie,530171,,INE108C01019,Finance,Other Financial Services,28.50,14.25,-9.59,-8.72,0.00,-536.00,,,,-1.01,0.79,14.08,56.42,0.00,1.08,0.66,5.95,,,,2.62,,0.00,-1.38,,0,1
DB Intl.Stock,530393,DBSTOCKBRO,INE921B01025,Capital Markets,Stockbroking & Allied,29.48,103.18,7.28,4.21,0.03,20.85,-1.94,-21.30,34.86,5.33,4.41,8.67,41.18,0.00,5.34,1.36,2.71,58.59,4.44,-21.30,0.29,0.34,0.00,-0.09,4.44,0,0
DCB Bank,532772,DCBBANK,INE503A01015,Banks,Private Sector Bank,212.97,6860.80,7.40,11.96,12.04,69.33,20.80,16.20,8.71,6067.35,948.59,82318.23,16.22,0.00,1.40,1.05,2.28,16.84,1.21,14.93,5.00,9.56,0.68,-0.94,1.21,1,1
DCM Financial,511611,DCMFINSERV,INE891B01012,Finance,Investment Company,5.38,11.91,-4.92,,,,,21.41,,-0.86,0.10,77.94,39.50,0.00,0.00,,0.22,,-43.00,21.41,-0.12,,0.00,1.34,-43.00,0,0
Decillion Financ,539190,,INE848N01017,Finance,Non Banking Financial Company (NBFC),41.80,14.63,0.08,-0.24,0.00,-4.00,4.55,14.47,,-0.04,0.00,14.63,40.98,0.00,0.00,1.18,0.10,,-0.80,14.47,0.31,0.18,0.00,6.86,-0.80,0,0
Delphi World,533452,DELPHIFX,INE726L01027,Finance,Other Financial Services,6.42,157.46,8.95,1.13,0.53,2.35,,,50.79,24.82,63.55,225.35,61.32,0.00,-28.23,0.48,1.17,,1.92,,0.12,,0.00,13.08,1.92,1,0
Delta Industrial,539596,,INE681Q01015,Finance,Other Financial Services,11.14,6.01,-0.42,-0.85,0.00,,,,,-0.06,0.00,5.99,0.00,0.00,-7.42,1.28,20.44,10.76,-3.00,,-0.04,,0.00,-4.29,-3.00,0,1
Dhanlaxmi Bank,532180,DHANBANK,INE680A01011,Banks,Private Sector Bank,32.27,1273.69,5.81,7.16,13.39,59.17,14.34,28.33,11.03,1183.81,322.96,20772.34,0.00,0.00,0.00,0.84,4.87,22.51,1.16,28.33,0.31,1.44,0.00,-0.56,1.16,1,1
Dhansafal Fin,512048,,INE195E01020,Finance,Non Banking Financial Company (NBFC),2.36,53.61,4.03,1.22,0.33,36.16,85.05,2.90,46.22,4.49,1.91,70.92,55.11,0.00,3.61,0.81,1.65,39.14,1.59,-3.49,0.01,0.04,0.00,-101.19,1.59,1,1
Dharani Finance,511451,,INE899D01011,Finance,Non Banking Financial Company (NBFC),12.96,6.47,8.21,5.64,0.02,66.21,33.82,84.01,10.97,0.85,0.60,6.42,28.70,0.00,0.46,0.65,1.33,122.88,,84.01,0.32,0.41,0.00,0.14,,0,1
Dharni Capital,543753,,INE0M9Q01011,Capital Markets,Financial Products Distributor,55.00,112.04,22.39,19.88,0.15,49.64,36.01,57.73,23.99,5.92,10.72,115.78,73.64,0.00,0.00,4.34,1.61,,84.57,57.73,0.98,,0.00,-1.34,84.57,1,0
Dhenu Buildcon,501945,,INE758D01027,Finance,Non Banking Financial Company (NBFC),5.90,3500.94,0.04,-0.23,0.19,61.49,,,,1.18,176.94,3660.90,0.04,0.00,-11.49,4.16,0.09,0.80,118.00,25.81,0.16,,0.00,49.55,118.00,0,0
Dhruva Cap.Serv.,531237,,INE972E01014,Finance,Non Banking Financial Company (NBFC),86.95,62.52,9.36,7.74,0.41,-9.32,160.51,200.00,,0.64,1.15,75.14,45.97,32.67,-8.21,2.03,0.21,122.06,0.62,130.51,-1.33,-0.34,0.00,-5.20,0.62,0,0
Dhunseri Invest.,533336,DHUNINV,INE320L01011,Finance,Non Banking Financial Company (NBFC),1026.45,625.84,3.24,0.66,0.35,-11.80,14.51,-60.54,6.60,258.71,596.37,1458.42,74.95,0.00,0.00,0.23,2.66,-33.55,6.02,-60.54,86.89,43.63,0.29,-0.07,6.02,0,1
DHVIJA FINANCE,539552,,INE108T01021,Finance,Non Banking Financial Company (NBFC),11.94,58.39,16.94,14.74,0.69,48.87,117.81,106.77,11.59,8.30,0.46,68.99,36.91,8.53,3.62,3.63,1.44,113.35,5.46,45.29,0.07,0.61,0.00,-8.40,5.46,1,1
DJS Stock,511636,,INE234E01027,Finance,Other Financial Services,2.94,22.18,0.61,0.31,0.00,-2400.00,-13.59,29.14,,-0.13,0.02,17.66,55.83,75.01,0.00,3.40,94.60,15.12,,29.14,0.01,,0.00,-4.33,,0,0
Dolat Algotech,505526,DOLATALGO,INE966A01022,Capital Markets,Stockbroking & Allied,72.82,1281.63,16.32,12.09,0.25,68.47,16.68,3.59,8.90,225.75,6.25,1557.40,74.49,0.00,0.00,1.13,1.63,-2.55,5.19,3.59,2.21,0.79,0.14,-0.21,5.19,0,1
Dynamic Portfol,530779,,INE118C01018,Finance,Non Banking Financial Company (NBFC),14.28,16.70,4.81,4.10,0.20,73.68,-10.24,39.85,30.36,0.70,1.89,19.17,0.00,0.00,-7.57,1.32,0.85,25.59,10.00,39.85,0.10,,0.00,-3.00,10.00,1,1
Easun Capital Ma,542906,,INE771C01014,Finance,Non Banking Financial Company (NBFC),46.11,24.11,1.32,1.06,0.01,47.32,28.86,-1.35,36.53,0.97,0.00,24.24,49.27,0.00,0.00,1.06,6.00,-22.35,,-1.35,-0.44,0.61,0.00,,,,0
Econo Trade Indi,538708,,INE937K01014,Finance,Non Banking Financial Company (NBFC),6.53,12.19,7.21,4.64,0.41,83.69,9.25,5.06,5.47,5.06,6.11,31.90,26.18,0.00,0.00,0.25,3.09,25.15,2.36,5.06,0.29,0.36,0.00,2.50,2.36,0,0
Edelweiss.Fin.,532922,EDELWEISS,INE532F01054,Finance,Holding Company,125.42,11871.40,14.10,13.52,4.02,27.55,7.01,21.14,18.85,3302.00,1161.57,26986.54,32.26,6.68,-0.52,2.57,0.46,18.19,1.40,21.00,0.71,1.42,1.20,3.52,1.40,1,1
Elcid Investment,503681,ELCIDIN,INE927X01018,Finance,Investment Company,109000.00,2180.00,1.43,1.21,0.00,94.64,7.16,13.86,22.83,109.28,34.63,2177.68,75.00,0.00,0.00,0.25,8.75,5.98,,13.86,3531.00,,0.02,0.57,,0,0
Elixir Capital,531278,,INE785D01012,Finance,Other Financial Services,102.50,59.58,6.61,5.23,0.69,34.06,102.38,42.33,9.25,15.30,3.26,81.19,71.18,0.00,-0.11,1.01,14.44,-19.80,6.12,42.33,4.70,,1.22,0.09,6.12,0,1
Emerald Finance,538882,,INE030Q01015,Finance,Non Banking Financial Company (NBFC),51.66,178.44,21.20,15.98,0.18,75.77,39.35,60.04,11.08,25.45,1.36,190.43,59.70,0.00,-8.10,1.85,6.45,59.54,8.99,52.94,0.92,1.84,0.19,-1.51,8.99,1,1
Emk.Global Fin.,532737,EMKAY,INE296H01011,Capital Markets,Stockbroking & Allied,251.59,695.03,8.01,4.52,0.29,8.47,24.54,3.10,35.59,39.47,39.75,-110.19,72.83,0.00,-1.66,1.73,1.29,6.75,2.67,1.02,1.88,0.08,0.60,-0.16,2.67,0,1
Epic Energy,530407,,INE932F01015,Finance,Non Banking Financial Company (NBFC),33.03,26.90,6.35,6.41,0.13,11.75,,,41.38,0.70,1.46,26.82,26.16,0.00,2.89,1.77,1.69,,17.50,,0.10,0.29,0.00,0.35,17.50,0,0
Epuja Spiritech,532092,,INE807D01030,Finance,Non Banking Financial Company (NBFC),1.05,11.87,-55.59,-57.39,0.02,-103.02,9.67,,,-9.50,4.23,11.61,8.03,0.00,-3.66,0.72,13.71,,,,-0.07,,0.00,-22.50,,0,0
Equitas Sma. Fin,543243,EQUITASBNK,INE063P01018,Banks,Other Bank,73.90,8453.66,6.43,1.68,8.54,43.68,17.75,-43.70,16.56,4140.45,526.56,55196.01,0.00,0.00,0.00,1.38,3.07,-23.24,1.19,-44.20,-1.96,1.06,0.00,11.55,1.19,1,0
ESAF Small Fin,544020,ESAFSFB,INE818W01011,Banks,Other Bank,44.71,2307.12,5.65,-8.86,16.01,26.91,7.42,,,1888.58,226.16,29796.32,63.25,0.00,,1.29,4.36,,0.99,,-1.58,-0.99,0.00,-5.80,0.99,0,0
Escorp Asset Mgt,540455,,INE953W01016,Finance,Other Financial Services,115.00,127.84,5.36,4.37,0.00,88.35,23.26,19.19,20.16,7.60,0.01,108.01,67.62,0.00,0.00,1.84,47.78,,,19.19,0.66,,0.00,0.91,,0,1
Everlon Fin.,514358,,INE339D01034,Finance,Non Banking Financial Company (NBFC),105.25,65.26,-25.82,-27.54,0.00,-31.27,46.42,,,-2.94,0.12,65.24,74.47,0.00,2.62,3.75,43.52,,-10.14,,-0.66,1.72,0.00,0.25,-10.14,0,0
Fedbank Financi.,544027,FEDFINA,INE007N01010,Finance,Non Banking Financial Company (NBFC),158.94,5960.51,9.06,12.56,4.67,63.18,23.52,21.51,15.56,1448.18,220.01,18244.43,60.67,0.00,,2.03,7.52,40.95,1.55,15.51,2.01,3.09,0.00,-4.42,1.55,1,1
Fedders Holding,511628,FEDDERSHOL,INE417D01020,Finance,Non Banking Financial Company (NBFC),43.99,886.03,11.19,11.64,0.09,-3.40,37.71,61.65,11.61,80.73,194.89,851.63,65.84,0.00,5.77,1.23,6.78,115.26,15.44,-9.79,0.82,1.11,0.00,-7.49,15.44,1,0
Federal Bank,500469,FEDERALBNK,INE171A01029,Banks,Private Sector Bank,344.25,85096.06,6.39,11.59,8.66,64.47,18.55,10.94,18.17,24104.12,1420.16,416203.44,0.00,0.00,0.00,2.12,3.32,21.04,1.36,5.45,3.74,6.50,0.35,1.90,1.36,0,1
FGP,500142,,INE512A01016,Finance,Non Banking Financial Company (NBFC),13.29,15.81,2.07,2.07,0.00,-35.42,126.29,27.80,395.25,0.06,0.05,14.69,45.19,0.00,3.74,4.62,6.72,,,27.80,0.23,,0.00,9.00,,0,0
Finbud Financial,,FINBUD,INE0EDU01014,Financial Technology (Fintech),Financial Technology (Fintech),131.95,251.36,17.82,15.39,0.20,5.74,32.63,85.00,21.58,17.84,4.71,204.50,48.25,0.00,,2.18,3.59,,7.11,-82.65,,,0.00,-1.77,7.11,0,
Finkurve Fin.,508954,FINKURVE,INE734I01027,Finance,Non Banking Financial Company (NBFC),75.56,1058.93,10.19,9.44,2.46,44.60,60.11,22.04,36.04,107.53,26.52,1803.96,56.21,0.00,1.61,3.07,3.43,41.99,1.57,18.08,0.36,0.57,0.00,-7.94,1.57,1,1
Fino Payments,543386,FINOPB,INE02NC01014,Banks,Other Bank,141.57,1178.12,4.53,7.37,5.08,-396.00,37.79,-4.97,48.18,154.68,364.14,4938.62,75.00,0.00,0.00,1.53,2.86,21.49,1.28,-4.97,2.13,-39.00,0.00,-0.95,1.28,0,0
First Custodian,511122,,INE609B01018,Finance,Non Banking Financial Company (NBFC),59.04,8.86,-1.63,-1.77,0.00,-20.83,-35.95,,,-0.18,0.25,6.20,52.57,0.00,0.00,0.59,185.88,,,,-1.40,-1.46,1.69,1.04,,0,0
Five-Star Bus.Fi,543663,FIVESTAR,INE128S01021,Finance,Non Banking Financial Company (NBFC),537.85,15876.72,14.79,16.06,1.11,67.36,28.38,22.11,14.38,2191.23,88.26,21928.20,18.61,0.00,-15.78,2.15,11.15,25.07,3.04,21.58,9.04,13.90,0.37,-1.05,3.04,0,0
Franklin Leasing,539839,,INE399S01010,Finance,Non Banking Financial Company (NBFC),8.91,14.06,0.63,0.45,0.00,2.50,-6.57,4.26,82.71,0.24,0.00,12.97,26.98,0.00,0.00,0.37,44.43,-3.20,24.00,4.26,0.03,,0.00,-3.38,24.00,0,1
Fundviser Capit.,530197,,INE365H01014,Finance,Investment Company,444.00,350.76,9.64,4.40,0.05,-2.44,,,82.15,7.09,9.46,342.13,64.24,0.00,11.12,5.46,2.74,,8.65,,0.88,,0.00,-3.92,8.65,1,1
Fusion Finance,543652,FUSION,INE139R01012,Finance,Microfinance Institutions,199.24,3221.39,5.92,0.68,2.27,34.98,-0.84,-67.05,19.12,631.40,26.12,6786.71,53.97,1.15,-14.21,1.31,8.10,-20.62,1.17,-67.04,-5.69,-0.85,0.00,-1.18,1.17,0,0
Futuristic Sec.,523113,,INE425D01015,Finance,Non Banking Financial Company (NBFC),25.42,4.96,0.00,0.00,0.00,-62.50,-5.01,,,0.00,0.01,4.95,62.77,0.00,0.00,3.62,,,,35.72,0.05,0.01,0.00,-10.00,,0,0
Futuristic Solu,534063,,INE241F01011,Finance,Other Financial Services,40.47,42.37,7.04,4.98,0.00,34.75,22.97,-33.65,15.81,3.73,0.03,33.58,68.49,0.00,0.00,2.64,4.94,110.16,186.50,-33.65,-0.01,,0.00,-4.00,186.50,0,0
Fynx Capital,507962,,INE455H01021,Finance,Non Banking Financial Company (NBFC),5.82,116.40,-11.93,-19.29,2.99,-41.79,154.97,,,-4.01,0.56,156.04,74.90,0.00,5.14,8.33,0.05,,-2.36,,-0.03,,0.00,1.31,-2.36,1,1
G K Consultants,531758,,INE131D01019,Finance,Non Banking Financial Company (NBFC),11.00,12.44,0.80,0.62,0.00,12.17,26.31,37.95,113.09,0.14,0.02,12.29,0.75,0.00,-0.84,0.77,0.82,17.00,,31.88,0.15,0.13,0.00,-252.67,,1,0
GACM Tech,531723,GATECH,INE224E01028,Finance,Other Financial Services,1.06,179.60,10.07,10.07,0.00,61.38,24.73,103.42,28.46,6.32,46.62,164.83,0.63,0.00,-12.09,1.10,1.25,45.41,,94.90,0.03,0.01,0.00,-5.18,,1,0
GACM Tech-DVR,570005,GATECHDVR,INE224E01036,Finance,Other Financial Services,0.54,10.24,11.27,10.94,0.00,61.03,28.03,110.20,1.49,7.07,52.40,8.94,0.00,0.00,-0.17,0.10,1.43,,,109.84,0.17,0.09,0.00,-5.63,,1,0
Gaja Alternative Asset,544885,GAJA,INE18UN01038,Capital Markets,Asset Management Company,158.66,2237.27,17.02,15.92,0.09,53.16,34.41,23.99,28.23,91.03,12.64,2184.35,54.23,0.00,,,6.55,,22.70,-92.97,,,0.00,-0.15,22.70,0,
Gajanan Sec.Serv,538609,,INE868G01019,Finance,Other Financial Services,56.49,17.52,0.71,0.56,0.00,-650.00,-30.66,9.89,18.44,1.16,4.91,13.13,71.21,0.00,8.60,0.14,8.33,-12.30,,9.89,-0.06,,0.00,-6.96,,1,0
Galada Finance,538881,,INE243E01010,Finance,Non Banking Financial Company (NBFC),32.01,9.60,10.31,7.33,1.94,65.85,41.90,253.03,19.59,1.72,0.46,21.19,66.75,0.00,2.82,1.54,2.96,52.64,1.52,253.03,0.13,0.75,0.00,-9.20,1.52,1,1
Gamco Ltd,540097,,INE890S01026,Finance,Other Financial Services,49.48,267.35,-9.04,-49.16,2.09,-2.12,52.97,,,-7.28,2.88,530.27,72.02,0.00,7.02,2.12,5.11,,-0.37,,2.69,,0.20,-12.10,-0.37,0,1
Garbi Finvest,539492,,INE721C01019,Finance,Non Banking Financial Company (NBFC),9.13,10.71,-8.81,-4.95,0.00,-393.72,-27.67,,,-7.86,0.00,10.06,59.28,0.00,-3.21,0.16,0.40,,,,1.01,-8.54,0.00,3.36,,0,0
Garnet Intl.,512493,,INE590B01010,Finance,Investment Company,54.67,107.34,11.24,11.84,0.02,49.09,-56.54,18.70,34.18,3.12,0.01,108.26,49.27,60.49,1.40,2.53,3.27,26.77,,18.70,0.66,0.10,0.00,-2.16,,1,0
GCM Capital,538319,,INE191P01017,Finance,Other Financial Services,3.86,6.54,0.92,0.98,0.03,19.74,-15.13,26.72,26.16,0.24,1.01,7.01,39.04,0.00,0.00,0.26,23.02,22.67,4.80,26.72,-0.24,,0.00,-0.72,4.80,1,0
GCM Commodity,535917,,INE200P01016,Finance,Other Financial Services,4.05,3.01,-69.37,-69.58,0.00,-10025.00,-47.09,,,-3.17,0.01,0.39,52.74,0.00,0.00,0.92,1.02,,-317.00,,-6.36,,0.00,-0.62,-317.00,0,0
GCM Securit.,535431,,INE168O01026,Capital Markets,Stockbroking & Allied,0.66,12.54,-6.09,-9.58,0.61,-400.00,,-1.50,,-0.92,0.89,17.69,41.59,0.00,0.00,1.25,0.44,,-7.08,-1.50,0.01,,0.00,0.71,-7.08,0,1
GDL Leasing,530855,,INE545E01018,Finance,Non Banking Financial Company (NBFC),68.00,34.07,15.98,12.54,0.16,25.27,119.18,330.89,55.85,0.99,0.01,34.79,53.92,0.00,18.63,5.02,2.95,140.22,7.07,263.59,0.64,1.72,0.00,-1.74,7.07,1,0
Geetanjali Cred.,539486,,INE263R01010,Finance,Non Banking Financial Company (NBFC),8.11,3.58,0.63,0.65,0.03,58.62,,58.74,21.06,0.17,0.00,3.67,0.00,0.00,0.00,1.15,0.94,-19.73,,58.74,-0.02,,0.00,1.00,,0,0
General Insuranc,540755,GICRE,INE481Y01014,Insurance,General Insurance,353.30,61982.95,17.35,14.64,0.00,18.22,4.35,11.84,6.98,11115.19,330.15,32374.32,77.40,0.00,-8.38,0.84,0.52,37.14,,11.84,14.42,13.34,3.75,0.26,,1,0
Geojit Fin. Ser.,532285,GEOJITFSL,INE007B01023,Capital Markets,Stockbroking & Allied,83.70,2336.25,9.02,7.32,0.10,20.66,14.74,-3.92,30.04,116.97,152.50,1522.84,38.47,9.31,-16.14,1.94,1.74,-6.78,11.11,-3.94,0.99,0.81,1.79,0.83,11.11,0,0
GFL,500173,GFLLIMITED,INE538A01037,Finance,Holding Company,54.28,596.27,2.07,1.77,0.00,40.37,-88.55,66.69,9.83,70.92,2.45,595.76,68.72,0.00,0.00,0.23,55.83,18.68,,66.69,-0.74,0.04,0.00,-0.01,,0,0
GIC Housing Fin,511676,GICHSGFIN,INE289B01019,Finance,Housing Finance Company,141.03,759.45,7.71,7.59,4.33,82.54,-1.21,-9.74,4.83,883.71,69.29,9834.20,42.41,0.00,0.00,0.36,0.95,7.91,1.29,-9.74,1.36,8.64,3.19,-0.13,1.29,0,1
Gilada Finance,538788,,INE918C01029,Finance,Non Banking Financial Company (NBFC),12.80,17.98,12.48,8.65,0.40,56.99,9.23,12.60,8.64,4.33,4.14,28.33,58.26,0.00,-0.51,0.69,3.01,17.23,2.89,12.60,0.38,0.48,0.00,1.33,2.89,0,0
GKW,,GKWLIMITED,INE528A01020,Finance,Investment Company,1597.90,953.95,0.47,-0.11,0.00,0.96,16.43,,,9.21,2627.78,935.50,75.00,0.00,0.00,0.37,1.01,,1.08,,23.02,,0.00,10.92,1.08,0,0
Glance Finance,531199,,INE580D01017,Finance,Non Banking Financial Company (NBFC),160.00,36.09,13.25,10.42,0.02,38.00,46.51,166.68,12.98,4.35,10.14,36.42,74.35,0.00,0.00,0.73,0.59,31.11,15.00,166.68,26.24,-66.49,0.00,5.69,15.00,1,0
Global Cap.Mkt.,530263,,INE062C01042,Finance,Non Banking Financial Company (NBFC),0.46,18.32,-0.76,-0.31,0.00,-13.10,-55.73,6.92,,-0.86,0.22,17.82,5.00,0.00,0.00,0.41,1.06,,,-23.62,0.02,,0.00,3.86,,0,0
Go Digit General,544179,GODIGIT,INE03JT01014,Insurance,General Insurance,262.35,24256.96,13.10,12.17,0.08,1.12,19.35,148.25,49.26,586.48,265.24,24387.81,73.00,0.00,,5.20,0.10,45.12,,143.47,1.50,0.92,0.00,3.73,,1,0
Goenka Business,538787,,INE997C01015,Finance,Non Banking Financial Company (NBFC),10.19,13.25,83.14,13.72,0.00,18.80,-14.23,220.52,2.62,33.03,0.03,9.38,14.91,0.00,0.00,0.37,0.16,59.97,1.28,220.52,-0.26,19.99,0.00,2.31,1.28,0,0
Gogia Capital,531600,,INE832C01014,Capital Markets,Stockbroking & Allied,47.65,30.12,-15.94,-16.45,0.07,-665.66,-41.97,,,-5.46,0.30,27.54,1.63,0.00,-44.81,1.24,6.25,,,,-0.06,,0.00,-0.31,,0,0
Golden Legand Ls,509024,,INE088E01019,Finance,Non Banking Financial Company (NBFC),8.28,12.31,91.63,37.62,0.03,16.00,749.00,344.52,2.07,22.06,10.61,-30.48,0.00,0.00,0.00,0.28,0.61,203.50,2.19,344.52,3.30,,0.00,0.40,2.19,0,0
Gowra Leasing,530709,,INE225G01012,Finance,Non Banking Financial Company (NBFC),91.99,71.27,14.62,11.51,0.26,88.78,90.31,77.91,9.64,12.15,3.55,89.01,60.18,0.00,-0.49,1.06,0.11,57.95,5.33,29.68,2.37,5.21,0.00,-7.68,5.33,1,1
Goyal Associates,530663,,INE912B01032,Finance,Non Banking Financial Company (NBFC),1.10,5.82,-4.36,-5.03,0.20,-4.44,-28.62,,,-0.08,0.11,6.84,4.72,0.00,-0.61,1.11,3.15,,-8.00,,0.00,0.01,0.00,-1.78,-8.00,0,
Grand Oak Canyon,523862,GRANDOAK,INE926B01016,Finance,Non Banking Financial Company (NBFC),36.69,1903.78,0.00,0.01,3.12,9.09,,,387.74,4.89,0.00,4553.73,0.00,0.00,-2.89,2.24,2180.50,,,,0.00,,0.00,1.07,,0,
Gretex Corporate,543324,GCSL,INE199P01028,Capital Markets,Other Capital Market related Services,541.30,1307.75,16.67,12.71,0.09,30.02,133.44,2.41,47.99,57.13,30.34,1321.73,61.64,0.00,-7.97,7.47,5.74,106.13,27.87,-0.03,0.34,8.43,0.13,-19.12,27.87,1,1
GSB Finance,511543,,INE777C01011,Finance,Non Banking Financial Company (NBFC),44.60,26.76,0.49,-2.18,0.00,39.89,-27.86,,148.67,0.74,0.02,26.40,55.26,0.00,-0.07,1.90,15.00,,,,0.18,0.10,0.00,-0.06,,0,1
GSL Securities,530469,,INE721D01017,Finance,Non Banking Financial Company (NBFC),34.91,14.92,-3.98,-3.98,0.00,-640.00,-36.10,,,-0.32,0.00,11.09,44.64,0.00,3.70,1.53,25.82,,,,-0.22,,0.00,1.63,,1,0
Guj. Credit Corp,511441,,INE034B01019,Finance,Other Financial Services,24.78,7.43,0.07,0.66,1.64,,,38.67,106.14,0.03,30.28,26.10,33.44,0.00,1.83,0.65,0.01,19.34,,181.14,-0.07,,0.00,-5.64,,0,1
Guj. Lease Fin.,500174,GLFL,INE540A01017,Finance,Other Financial Services,5.72,15.52,0.84,,,,14.03,-35.92,517.33,0.03,0.02,19.49,45.67,0.00,0.00,,13.54,16.47,,-35.92,-0.02,,0.00,-6.33,,0,1
Guj. State Fin.,532160,,INE944A01011,Finance,Financial Institution,10.09,89.92,,,,42.37,17.30,-0.57,,14.01,1.79,751.16,83.95,0.00,0.00,,0.00,-0.72,0.11,-0.57,-3.48,,0.00,0.11,0.11,0,0
GYFTR,507912,GYFTR,INE724A01017,Finance,Other Financial Services,166.82,1281.32,6.77,5.24,0.00,-7.54,138.13,16.43,58.75,29.42,49.63,1277.28,50.08,0.00,-13.54,2.64,1.00,-18.20,89.15,16.42,,,0.00,-58.63,89.15,1,
H U D C O,540530,HUDCO,INE031A01017,Finance,Financial Institution,183.23,36680.81,8.41,20.05,6.45,91.66,22.91,33.02,8.62,12945.52,87.66,178131.71,75.00,0.00,-6.81,1.67,1.10,20.46,1.36,33.02,3.15,6.47,3.30,-11.61,1.36,1,1
Haryana Capfin,532855,,INE928H01019,Finance,Investment Company,147.35,76.75,3.71,3.09,0.07,85.78,32.96,83.87,8.57,11.73,0.23,98.32,70.79,0.00,0.00,0.26,0.93,63.32,22.56,83.87,0.08,,0.00,-0.42,22.56,1,0
Haryana Fin. Co.,530927,,INE737G01016,Finance,Financial Institution,67.47,1401.07,3.74,3.45,0.00,60.89,63.28,150.80,184.11,8.26,0.54,1367.85,99.36,0.00,0.00,6.25,3.56,49.40,,150.80,-0.01,,0.00,224.00,,,1
Hasti Finance,531387,,INE671D01014,Finance,Non Banking Financial Company (NBFC),7.85,8.51,-52.05,-71.46,0.00,-3278.57,-43.16,,,-4.59,0.03,8.51,45.65,0.00,0.00,1.51,0.00,,,,-0.02,,0.00,0.00,,0,1
HB Leasing &Fin.,508956,,INE549B01016,Finance,Non Banking Financial Company (NBFC),10.27,13.21,-4.98,-4.85,0.01,-159.26,-19.16,,,-0.43,0.01,12.72,42.74,0.00,4.61,2.43,6.31,,,,-0.06,,0.00,7.28,,1,1
HB Portfolio,532333,HBPOR,INE638B01025,Finance,Other Financial Services,61.79,66.51,0.73,0.10,0.01,15.17,5.49,-55.48,17.88,4.68,23.44,64.42,61.45,0.00,0.00,0.26,16.68,-40.29,31.20,-55.48,2.03,1.33,2.02,154.75,31.20,0,1
HB Stockholdings,532216,HBSL,INE550B01022,Finance,Non Banking Financial Company (NBFC),52.55,37.51,-11.88,-12.84,0.14,-92.24,-4.80,,,-11.37,1.15,46.94,53.22,0.00,0.00,0.48,5.37,,-8.68,,10.45,-6.34,1.90,0.42,-8.68,0,0
HDB FINANC SER,544429,HDBFS,INE756I01012,Finance,Non Banking Financial Company (NBFC),679.35,56438.02,9.09,13.94,4.80,56.90,14.11,9.10,20.44,10542.60,773.49,153994.46,74.12,0.00,,2.73,0.93,45.37,1.54,7.36,6.84,12.84,0.59,-6.36,1.54,1,1
HDFC AMC,541729,HDFCAMC,INE127D01025,Capital Markets,Asset Management Company,2569.00,110161.43,42.88,32.93,0.00,79.44,23.00,26.16,37.35,3828.24,267.95,110137.26,52.34,0.00,-0.21,11.92,0.64,16.62,276.21,26.00,17.48,20.99,2.10,0.83,276.21,1,0
HDFC Bank,500180,HDFCBANK,INE040A01034,Banks,Private Sector Bank,720.30,1110063.04,7.02,13.64,6.21,42.69,26.86,18.06,14.05,293893.13,16333.29,4692685.18,0.00,0.00,-25.52,1.84,2.03,18.90,1.59,6.06,10.60,15.93,1.80,1.68,1.59,0,0
HDFC Life Insur.,540777,HDFCLIFE,INE795G01014,Insurance,Life Insurance,548.00,119057.88,10.30,11.28,0.16,1.16,12.30,11.81,60.28,2130.50,775.69,121382.52,50.54,0.00,0.21,6.09,0.99,7.04,,11.66,2.54,1.45,0.38,8.45,,0,0
Helpage Finlease,539174,,INE738P01015,Finance,Non Banking Financial Company (NBFC),21.73,21.62,12.69,16.61,5.38,90.85,66.35,68.92,7.21,11.71,0.65,121.52,37.84,0.00,1.44,1.14,1.23,44.29,1.54,68.92,0.78,1.93,0.00,9.69,1.54,1,0
Hexa Tradex,534328,HEXATRADEX,INE750M01017,Finance,Investment Company,160.09,884.50,-0.12,-0.19,0.00,-108.08,72.07,18.39,,-4.07,0.02,893.07,92.13,0.00,0.00,0.19,3.41,,-3.04,18.39,-0.03,,0.00,-0.90,-3.04,0,0
Hi-Klass Trading,542332,,INE302R01024,Finance,Other Financial Services,90.90,274.68,-1.46,-4.69,0.01,66.73,161.14,,37.83,9.94,0.04,275.01,28.60,23.14,0.00,5.18,,-6.25,19.88,-32.35,-0.18,,0.00,3.67,19.88,0,0
Hiliks Technolog,539697,,INE966Q01010,Finance,Investment Company,63.25,67.99,5.39,3.57,0.00,6.58,98.73,118.98,39.76,2.08,0.27,67.24,4.65,0.00,-5.19,2.55,1.60,31.95,208.00,70.55,0.15,,0.00,-25.83,208.00,1,1
Home First Finan,543259,HOMEFIRST,INE481N01025,Finance,Housing Finance Company,1198.30,12529.36,11.13,15.71,2.43,78.58,34.16,33.27,21.55,1559.38,55.64,22278.39,6.98,0.00,-23.23,2.87,5.38,40.09,1.95,25.93,11.52,22.81,0.43,-5.78,1.95,1,1
Hybrid Financial,500262,HYBRIDFIN,INE965B01022,Capital Markets,Stockbroking & Allied,17.35,51.07,6.34,6.48,0.02,30.16,17.67,49.38,18.91,2.71,1.63,30.55,64.01,0.00,-0.01,1.16,16.23,27.23,271.00,49.38,0.36,0.04,0.00,-0.96,271.00,0,0
I O B,532388,IOB,INE565A01014,Banks,Public Sector Bank,32.81,63180.87,6.07,14.86,10.74,60.29,18.03,35.39,10.98,26385.89,5014.71,474598.48,92.44,0.00,-3.94,1.60,1.93,44.37,1.33,34.56,0.58,1.01,0.00,0.66,1.33,1,1
I R F C,543257,IRFC,INE053F01010,Finance,Financial Institution,83.90,109644.77,5.64,12.81,7.69,98.91,4.53,3.42,15.25,28492.60,18.33,545138.11,82.90,0.00,-3.46,1.93,20.49,9.68,1.34,3.42,1.34,0.45,2.50,1.27,1.34,0,0
IBL Finance,,IBLFL,INE0O7401018,Finance,Non Banking Financial Company (NBFC),61.00,150.86,8.46,4.07,0.95,57.54,9.10,5.98,61.83,9.38,1.61,205.03,63.20,0.00,,2.47,13.63,92.45,1.52,-24.09,0.40,,0.00,-19.71,1.52,0,1
ICICI AMC,544658,ICICIAMC,INE346A01027,Capital Markets,Asset Management Company,3139.60,155177.40,115.10,85.80,0.00,74.31,28.35,29.58,44.52,4651.73,634.17,155029.91,87.59,0.00,,37.20,0.65,21.51,267.96,-57.33,44.39,,0.87,0.82,267.96,0,0
ICICI Bank,532174,ICICIBANK,INE090A01021,Banks,Private Sector Bank,1422.80,1021090.33,7.18,15.92,5.55,24.71,17.26,16.58,18.20,167872.22,17329.29,3043761.71,0.00,0.00,0.00,2.70,1.64,23.98,1.89,15.61,19.00,26.81,0.84,2.16,1.89,0,0
ICICI Lombard,540716,ICICIGI,INE765G01017,Insurance,General Insurance,1562.00,78037.30,21.88,16.58,0.00,11.22,14.73,14.20,32.14,3200.92,852.23,77261.04,51.22,0.00,3.21,4.58,0.28,11.85,,13.64,15.04,17.27,0.86,0.37,,0,0
ICICI Pru Life,540133,ICICIPRULI,INE726G01019,Insurance,Life Insurance,506.00,73411.52,10.14,12.58,0.19,2.06,7.87,25.50,45.66,1558.90,1377.61,74868.82,72.73,0.00,-0.60,5.38,1.13,10.95,,25.19,2.67,-42.20,0.33,-8.15,,1,1
Iconik Sports,511260,,INE088P01015,Finance,Other Financial Services,35.03,118.55,10.46,8.13,0.00,13.49,521.04,316.66,24.75,6.29,0.01,117.35,8.68,0.00,-63.81,1.70,3.19,170.44,,38.76,-0.46,,0.00,-14.89,,0,0
ICRA,532835,ICRA,INE725G01011,Capital Markets,Ratings,4912.80,4741.46,23.04,16.72,0.02,36.09,14.13,11.37,24.15,273.96,312.81,4717.38,51.86,0.00,0.00,4.02,0.83,18.19,84.56,11.37,43.97,53.68,1.42,0.77,84.56,0,1
IDBI Bank,500116,IDBI,INE008A01015,Banks,Private Sector Bank,92.66,99631.76,5.92,14.14,5.47,72.38,12.12,35.41,10.69,27606.59,9684.99,441281.18,94.72,0.00,0.00,1.45,3.02,43.47,1.76,35.41,1.88,2.82,2.27,3.32,1.76,1,0
IDFC First Bank,539437,IDFCFIRSTB,INE092T01019,Banks,Private Sector Bank,83.12,71663.65,5.98,3.83,7.31,34.34,21.29,-12.45,31.87,22364.43,2544.74,413551.10,0.00,0.00,-39.93,1.48,1.51,30.18,1.14,-19.78,0.63,0.98,0.30,8.88,1.14,1,1
IFCI,500106,IFCI,INE039A01010,Finance,Financial Institution,89.96,24238.05,5.03,2.09,0.39,48.64,6.78,42.09,135.14,942.06,1486.03,20658.92,72.57,0.00,2.25,2.71,1.50,15.94,2.27,39.38,0.15,0.59,0.00,-2.90,2.27,0,0
IIFL Capital,542773,IIFLCAPS,INE489L01022,Capital Markets,Stockbroking & Allied,333.20,10501.76,21.07,16.20,0.59,35.04,22.61,22.08,18.42,997.28,295.30,7257.26,30.67,0.00,-0.46,3.38,1.59,15.96,4.35,21.30,5.66,4.46,0.90,1.29,4.35,0,0
IIFL Finance,532636,IIFL,INE530B01024,Finance,Non Banking Financial Company (NBFC),659.25,28043.25,10.87,12.61,4.97,65.09,16.54,3.46,13.34,9128.96,1513.65,90845.63,24.84,0.00,0.00,2.01,2.45,16.88,1.48,3.25,5.49,25.27,0.61,-8.37,1.48,1,1
IL&FS Inv.Manag.,511208,IVC,INE050B01023,Capital Markets,Asset Management Company,8.49,266.61,4.11,1.95,0.00,-2.23,-4.96,-31.38,65.51,8.88,0.30,181.58,50.42,0.00,0.00,1.40,5.02,-13.26,,-31.38,0.03,-0.07,14.13,-0.63,,0,1
Inani Securities,531672,,INE224C01014,Finance,Other Financial Services,33.00,15.04,1.44,0.41,0.05,-14.55,-8.72,28.45,300.80,0.31,7.01,6.61,56.91,0.00,-0.37,0.76,2.30,-24.21,1.41,28.45,0.07,,0.00,-1.93,1.41,0,0
Ind Bank Housing,523465,,INE969D01012,Finance,Housing Finance Company,50.15,50.15,-1.11,,,,,22.52,12.86,2.58,0.00,164.46,51.00,0.00,0.00,,0.11,8.83,,22.52,-0.11,,0.00,1.10,,0,0
Indbank Merchant,511473,INDBANK,INE841B01017,Capital Markets,Stockbroking & Allied,31.45,139.58,10.34,7.36,0.00,40.68,11.24,32.11,19.23,10.07,3.05,52.86,64.84,0.00,0.00,1.41,4.72,11.60,77.46,32.11,0.48,0.60,0.00,-0.02,77.46,0,0
Indergiri Fin.,531505,,INE628F01019,Finance,Non Banking Financial Company (NBFC),24.53,12.41,-1.15,-66.67,14.91,-91.67,41.12,,,-0.63,0.00,21.89,60.56,0.00,0.35,19.10,0.30,,-0.38,,-0.67,-2.51,0.00,8.10,-0.38,0,1
India Cem. Cap.,511355,,INE429D01017,Finance,Non Banking Financial Company (NBFC),26.14,56.75,-0.20,-0.77,0.00,-16.12,3.68,,,-0.37,0.49,45.56,50.02,0.00,-24.88,3.17,7.57,11.66,-9.25,,0.08,-0.02,0.00,-0.11,-9.25,0,0
India Finsec,535667,,INE474O01010,Finance,Non Banking Financial Company (NBFC),228.00,665.57,28.63,15.98,0.00,76.88,23.02,71.30,40.56,71.56,0.02,664.73,55.98,84.16,0.47,8.46,11.30,33.70,1.80,62.54,1.30,1.93,0.00,-1.72,1.80,1,1
India Home Loans,530979,,INE274E01015,Finance,Housing Finance Company,31.49,44.97,9.41,2.08,1.05,53.70,-13.11,12.13,321.21,6.74,0.38,88.18,27.06,0.00,-9.32,1.09,4.17,-5.15,1.02,12.13,0.01,0.09,0.00,43.63,1.02,0,1
India Lease Dev.,500202,,INE333C01013,Finance,Non Banking Financial Company (NBFC),7.91,11.63,0.20,0.20,0.00,1.54,2.84,31.04,290.75,0.04,0.00,6.52,71.66,0.00,1.20,1.24,18.24,24.57,,31.04,-0.04,,0.00,5.50,,0,0
INDIA SHELTE FIN,544044,INDIASHLTR,INE922K01024,Finance,Housing Finance Company,649.85,7081.20,12.86,17.11,1.95,72.26,37.86,48.25,13.39,1144.68,29.18,13022.33,46.05,0.00,,2.21,3.64,42.04,2.49,9.54,11.05,18.91,1.54,-3.83,2.49,1,0
Indian Bank,532814,INDIANB,INE562A01011,Banks,Public Sector Bank,882.40,118856.10,6.32,15.45,10.64,67.74,14.49,28.07,9.30,58066.07,8592.00,979806.10,73.84,0.00,-6.02,1.42,2.28,30.02,1.41,24.77,16.90,33.79,2.07,1.51,1.41,0,1
Indian Energy Ex,540750,IEX,INE022Q01020,Capital Markets,Exchange and Data Platform,121.80,10860.82,51.79,39.40,0.01,84.91,14.92,19.63,22.29,645.17,96.63,10767.64,0.00,0.00,0.00,8.31,0.33,17.82,261.20,19.63,1.27,1.57,2.87,1.02,261.20,1,0
Indian Infotech,509051,,INE300B01022,Finance,Investment Company,0.57,96.30,0.65,0.48,0.00,1.11,10.86,31.28,200.62,0.65,0.00,96.25,11.53,0.00,-0.33,0.31,,16.23,,31.28,0.02,,0.00,2.06,,0,0
Indian Renewable,544026,IREDA,INE202E01016,Finance,Financial Institution,117.02,32873.62,8.69,15.58,5.65,87.09,33.62,29.39,16.74,7472.44,320.22,110002.10,71.76,0.00,,2.39,0.88,40.15,1.49,20.78,0.88,2.67,1.15,-8.53,1.49,0,1
IndiaNivesh,501700,,INE131H01028,Finance,Non Banking Financial Company (NBFC),6.56,24.76,1.77,,,-29.85,,,,1.73,21.80,164.54,62.45,0.00,0.00,,5.89,6.52,0.19,,-0.25,-1.32,0.00,1.63,0.19,1,0
Inditrade Cap.,532745,,INE347H01012,Finance,Other Financial Services,2.77,6.47,-31.28,-72.26,2.44,-200.32,-35.63,,,-97.99,23.14,163.87,6.41,0.00,-67.22,0.09,2.78,,-4.88,,0.82,,0.00,27.89,-4.88,0,0
Indl. Inv. Trust,501295,IITL,INE886A01014,Finance,Investment Company,156.53,352.94,-3.50,-2.84,0.00,-142.96,,,,-7.93,5.34,329.13,57.40,0.00,-0.57,0.82,28.44,11.26,-17.24,,4.56,,0.00,-32.62,-17.24,0,1
Indl.& Prud.Inv.,501298,INDPRUD,INE620D01011,Finance,Investment Company,6302.50,1056.20,7.72,7.71,0.00,82.63,-3.53,12.53,17.35,61.04,0.00,1053.68,68.17,0.00,0.00,1.24,1.76,19.34,,12.53,82.11,7.26,1.90,0.19,,0,0
Indo Credit Cap.,526887,,INE147D01015,Finance,Non Banking Financial Company (NBFC),8.93,6.46,1.03,1.03,0.00,-38.46,48.12,33.01,64.60,0.10,0.86,6.41,14.51,0.00,0.00,1.10,,21.06,,33.01,-0.11,,0.00,-0.40,,0,0
Indo Thai Sec.,533676,INDOTHAI,INE337M01021,Capital Markets,Stockbroking & Allied,46.18,613.45,34.58,28.57,0.09,83.16,139.15,130.27,8.94,91.48,13.80,510.97,56.07,0.00,-16.11,0.89,3.31,45.46,28.95,174.33,0.72,6.23,0.43,-2.78,28.95,1,0
Indostar Capital,541336,INDOSTAR,INE896L01010,Finance,Non Banking Financial Company (NBFC),258.85,4184.45,-2.58,-23.63,1.45,14.93,5.75,,,186.45,354.80,9350.83,70.36,0.00,-4.64,1.11,1.61,,0.32,,39.92,-2.52,0.00,-8.98,0.32,0,0
Indus Finance,531841,,INE935D01013,Finance,Non Banking Financial Company (NBFC),234.10,216.78,14.97,10.47,0.48,63.56,50.90,83.51,71.54,6.22,0.11,227.74,74.79,0.00,0.18,9.44,15.13,36.96,2.30,83.51,0.18,2.06,0.26,9.13,2.30,1,1
IndusInd Bank,532187,INDUSINDBK,INE095A01012,Banks,Private Sector Bank,994.00,77446.57,5.68,1.36,6.73,49.02,8.34,-50.74,58.57,29061.93,2419.52,490220.88,15.82,42.78,-0.67,1.18,2.79,-21.20,1.07,-50.81,7.75,6.15,0.15,6.82,1.07,0,1
Intec Capital,526871,,INE017E01018,Finance,Non Banking Financial Company (NBFC),14.40,26.45,20.12,20.38,0.59,128.24,19.64,31.52,8.88,7.88,12.02,47.28,71.04,0.00,-3.53,0.64,2.63,-7.92,3.60,31.52,1.62,0.37,0.00,44.59,3.60,1,0
Integra Capital,531314,,INE366H01012,Finance,Non Banking Financial Company (NBFC),13.71,6.45,9.36,8.21,0.00,51.19,100.00,50.18,16.97,0.43,0.01,6.39,50.01,0.00,0.00,1.18,58.50,1.97,,50.18,0.66,,0.00,2.30,,1,0
Inter Globe Fin,511391,,INE661M01016,Finance,Non Banking Financial Company (NBFC),59.50,80.71,3.17,1.79,0.06,-0.64,102.66,4.89,,2.04,0.59,83.25,58.46,0.00,-12.22,0.60,6.28,4.33,1.12,-16.59,3.57,0.46,0.00,-4.49,1.12,0,0
Interactive Fin,539692,,INE064T01018,Capital Markets,Other Capital Market related Services,13.99,9.70,16.35,12.02,0.03,56.91,39.41,44.09,2.36,5.63,0.23,10.40,0.00,0.00,0.00,0.31,11.87,51.49,93.83,43.88,0.88,3.75,0.00,-0.49,93.83,1,1
Inventure Grow.,533506,INVENTURE,INE878H01024,Capital Markets,Stockbroking & Allied,0.96,100.80,2.22,1.27,0.13,4.08,6.69,-27.77,39.22,5.76,26.51,13.22,26.40,0.00,0.00,0.37,2.99,-22.64,2.04,-27.77,0.05,0.01,0.00,-25.97,2.04,1,0
ISF,526859,,INE973B01026,Finance,Non Banking Financial Company (NBFC),0.77,7.32,-12.93,-13.19,0.19,-119.88,0.80,,,-1.92,0.00,9.47,0.64,0.00,0.00,0.62,5.52,,-7.11,,0.00,-0.02,0.00,-136.00,-7.11,,
ISL Consulting,511609,,INE569B01022,Finance,Other Financial Services,12.24,29.38,-17.01,-17.10,0.00,-1.98,1.94,,,-0.30,0.06,29.07,60.06,0.00,-0.07,2.68,938.00,,,,0.52,0.53,0.00,0.27,,0,1
J & K Bank,532209,J&KBANK,INE168A01041,Banks,Private Sector Bank,150.01,16518.84,5.84,15.37,10.46,70.91,12.02,25.99,7.17,10439.69,2514.36,187227.30,59.40,0.00,-4.01,0.97,6.55,40.68,1.39,23.28,4.40,5.65,1.43,1.26,1.39,0,0
J A Finance,543860,,INE825B01010,Finance,Non Banking Financial Company (NBFC),125.00,133.11,7.79,2.65,0.12,65.76,8.57,9.61,229.50,1.69,0.00,135.50,59.90,0.00,0.00,6.45,7.88,,1.99,9.61,0.18,0.47,0.00,27.75,1.99,0,1
J J Finance Corp,523062,,INE584C01011,Finance,Non Banking Financial Company (NBFC),46.00,12.97,0.30,-0.40,0.00,-80.95,-0.82,,,-0.17,0.00,12.73,65.98,0.00,6.95,1.34,5.00,,,,0.21,,0.00,-0.08,,0,0
Jackson Invest,538422,,INE508N01025,Finance,Investment Company,0.38,11.05,5.33,8.08,0.00,33.96,-26.67,94.76,4.62,1.61,0.00,10.85,0.00,0.00,-0.19,0.38,27.30,95.59,,94.76,0.00,0.00,0.00,0.03,,0,
Jagsonpal Services,530601,,INE582C01015,Finance,Non Banking Financial Company (NBFC),51.47,93.70,-35.47,-35.84,0.00,,,,,-5.25,3.15,83.94,61.10,0.00,5.16,8.32,33.24,,,,-0.59,,0.00,1.23,,1,1
Jana Small Finan,544118,JSFB,INE953L01027,Banks,Other Bank,541.00,5721.21,7.45,7.63,9.31,39.59,20.29,8.44,15.07,3216.47,198.69,44510.29,16.94,0.00,,1.29,2.13,28.81,1.13,-15.00,9.69,14.05,0.00,7.98,1.13,0,1
Jayabharat Cred.,501311,,INE998D01011,Finance,Non Banking Financial Company (NBFC),13.93,6.97,,,,,,15.45,,-1.06,0.00,68.38,15.22,0.00,15.13,,0.00,-8.88,,15.45,-0.54,,0.00,1.32,,0,0
Jhaveri Credits,531550,,INE865D01012,Finance,Other Financial Services,172.35,191.34,2.63,2.62,0.08,-7.68,111.77,56.66,,-3.22,8.59,178.07,64.40,0.00,2.15,1.36,8.32,55.18,-5.96,37.86,1.32,-11.21,0.00,-3.72,-5.96,0,0
Jindal Capital,530405,,INE356F01017,Finance,Other Financial Services,35.98,25.93,11.16,9.69,1.16,59.64,-6.59,96.03,20.74,2.84,0.04,39.93,71.34,0.00,0.00,2.12,1.85,23.08,2.35,96.03,0.28,0.70,0.00,1.29,2.35,0,1
Jindal Leasefin,539947,,INE919T01013,Finance,Investment Company,82.35,24.78,24.97,15.67,0.00,90.00,520.58,123.74,27.23,2.16,0.00,19.12,73.11,0.00,-0.24,4.61,,100.83,,123.74,-0.13,,0.00,1.31,,0,1
Jindal Photo,532624,JINDALPHOT,INE796G01012,Finance,Investment Company,1026.60,1053.12,-1.38,-2.29,0.06,-505.75,16.92,,,-54.16,3.63,1117.87,74.20,0.00,1.44,1.04,2.68,,-10.72,,50.85,,0.00,0.00,-10.72,0,0
Jindal Poly Inve,536773,JPOLYINVST,INE147P01019,Finance,Investment Company,1025.00,1077.28,63.41,54.80,0.01,87.75,-30.78,44.76,1.33,959.42,0.00,1100.70,74.63,0.00,0.00,0.67,0.12,123.39,721.37,44.76,59.70,,0.00,0.00,721.37,1,0
Jio Financial,543940,JIOFIN,INE758E01017,Finance,Investment Company,238.40,157418.90,1.86,1.19,0.16,66.16,328.21,293.11,76.18,3526.99,326.06,175588.97,49.13,0.00,,1.13,2.46,,3.31,,0.51,2.06,0.25,-6.26,3.31,1,1
JM Financial,523405,JMFINANCIL,INE780C01023,Finance,Holding Company,129.29,12372.54,11.63,11.94,1.09,56.45,8.65,26.80,11.72,2459.57,625.17,19139.06,57.03,0.00,0.55,1.16,2.83,15.58,2.47,26.73,4.75,2.63,2.51,7.16,2.47,1,0
JMJ Fintech,538834,,INE242Q01016,Finance,Non Banking Financial Company (NBFC),9.52,35.83,20.24,19.08,0.57,66.94,78.76,310.34,4.25,14.69,5.17,60.57,23.27,0.00,-0.29,0.60,2.61,99.03,4.20,311.88,0.30,1.06,1.58,-1.91,4.20,1,1
Joindre Capital,531861,,INE024B01010,Capital Markets,Stockbroking & Allied,49.26,68.16,12.39,6.84,0.01,27.00,11.70,23.70,9.08,10.65,1.05,-31.15,63.95,0.00,0.23,0.75,1.73,12.33,14.59,23.70,1.43,1.88,4.06,-0.59,14.59,1,0
Jolly Plastic,507968,,INE289M01016,Finance,Investment Company,48.44,118.10,0.15,0.15,0.00,-216.67,7.34,0.00,,-0.38,0.00,117.95,0.01,0.00,-0.03,4.69,15.00,,,0.00,0.01,,0.00,-23.00,,0,0
JPT Securities,530985,,INE630C01012,Finance,Non Banking Financial Company (NBFC),18.46,5.55,-976.81,,0.18,-6730.00,-40.30,,,-6.74,0.01,6.24,60.09,0.00,0.00,,0.16,,,,-0.73,,0.00,-0.10,,1,0
JSW Holdings,532642,JSWHL,INE824G01012,Finance,Investment Company,11578.00,12851.58,0.53,0.40,0.00,91.32,-23.87,-25.60,102.70,168.14,0.01,12848.99,66.28,0.00,0.00,0.40,0.98,13.43,,-25.60,17.72,67.42,0.00,0.97,,0,0
K Z Leasing,511728,,INE006C01015,Finance,Non Banking Financial Company (NBFC),20.57,6.25,4.87,-1.22,1.44,-311.43,17.58,,21.55,2.43,0.06,28.42,30.25,0.00,0.00,0.41,1.02,,1.25,,2.07,0.70,0.00,-5.11,1.25,0,1
Kalyan Capitals,538778,,INE149Q01021,Finance,Non Banking Financial Company (NBFC),6.88,36.13,13.25,9.09,4.97,90.94,20.47,8.30,11.02,34.83,2.53,291.45,67.61,0.00,-0.96,0.69,2.29,42.44,1.20,8.30,0.39,0.32,0.00,1.72,1.20,1,0
Kalyani Invest.,533302,KICL,INE029L01018,Finance,Investment Company,5180.00,2263.66,0.49,0.37,0.00,63.13,11.92,-14.13,55.71,53.89,0.05,1953.55,74.98,0.00,0.00,0.20,100.84,1.23,,-14.13,-7.28,45.37,0.19,-0.23,,0,0
Kama Holdings,532468,KAMAHOLD,INE411F01010,Finance,Holding Company,2374.60,7620.23,14.00,12.63,0.63,21.50,1.81,-8.24,6.72,3071.99,13969.40,11999.95,75.00,0.00,-0.05,0.95,1.87,9.73,11.54,-8.23,68.89,105.75,1.75,1.04,11.54,1,1
Kanungo Financi.,540515,,INE453S01015,Finance,Other Financial Services,15.86,7.35,8.44,9.57,0.39,,,34.31,12.46,1.21,0.00,9.03,4.40,0.00,-16.10,1.07,28.44,32.60,2.81,34.31,0.09,,0.00,-1.08,2.81,1,0
Kapil Raj Financ,539679,,INE332Q01023,Finance,Non Banking Financial Company (NBFC),1.56,17.07,3.98,3.99,0.00,70.00,18.56,26.77,25.86,0.66,0.00,16.18,0.00,0.00,0.00,1.22,159.13,5.54,,-1.45,0.00,,0.00,2.00,,,
Karnataka Bank,532652,KTKBANK,INE614B01018,Banks,Private Sector Bank,330.35,12497.17,6.06,10.36,8.63,68.49,7.29,3.54,8.70,7591.03,1060.16,119539.75,0.00,0.00,0.00,0.94,9.75,22.04,1.32,-2.85,7.74,11.49,1.51,0.04,1.32,0,1
Karnavati Financ,538928,,INE554R01020,Finance,Non Banking Financial Company (NBFC),1.34,13.47,-4.37,-81.04,13.83,0.41,23.05,,18.45,5.86,0.00,73.26,62.06,0.00,3.42,3.11,0.25,,1.17,,-0.04,,0.00,-3.26,1.17,0,0
Kartik Invest.,501151,,INE524U01019,Finance,Other Financial Services,8547.35,208.56,94.76,80.95,0.00,98.13,394.88,535.79,40.34,6.04,0.00,202.75,74.81,0.00,0.00,24.80,145.50,203.38,,535.79,-0.41,,0.00,2.00,,0,0
Karur Vysya Bank,590003,KARURVYSYA,INE036D01028,Banks,Private Sector Bank,346.00,33442.71,7.62,19.10,8.38,67.78,19.33,31.02,12.19,9911.26,454.81,146576.62,2.07,3.85,-0.17,2.37,2.10,47.24,1.58,30.84,5.40,11.39,0.75,2.22,1.58,1,1
KBS India,530357,,INE883D01023,Finance,Other Financial Services,1.39,15.04,0.39,0.26,0.03,-75.57,12.64,-19.10,,-0.04,0.20,13.65,28.77,0.00,-1.39,0.41,7.20,8.45,-1.33,-20.37,0.03,,0.00,-4.50,-1.33,0,0
KEN Fin.Serv.,530547,,INE395E01018,Finance,Non Banking Financial Company (NBFC),15.00,4.50,6.36,5.75,1.15,-226.01,-49.64,-11.48,9.57,1.04,0.00,13.24,1.40,0.00,0.00,0.58,0.08,0.00,2.74,-11.48,0.50,0.75,0.00,-2.00,2.74,1,1
Key Corp,507948,,INE130F01016,Finance,Non Banking Financial Company (NBFC),80.60,48.36,-4.07,-4.07,0.00,-14.25,-71.62,,,-1.32,0.39,48.13,69.08,0.00,0.00,0.74,0.79,,,,13.12,,0.00,-0.13,,0,0
Keynote Finan.,512597,KEYFINSERV,INE681C01015,Capital Markets,Stockbroking & Allied,254.20,141.50,6.90,4.88,0.03,38.89,18.67,84.10,24.27,13.20,19.12,133.79,71.87,0.00,15.45,0.98,3.61,-9.32,37.71,94.38,22.56,,0.39,0.35,37.71,0,0
KFin Technolog.,543720,KFINTECH,INE138Y01010,Capital Markets,"Depositories, Clearing Houses and Other Intermediaries",949.95,16421.98,29.19,21.61,0.03,38.80,21.81,19.35,46.87,483.86,1773.49,16265.16,22.82,0.00,-26.40,9.80,2.43,48.28,97.36,18.59,4.49,7.11,1.26,0.94,97.36,0,0
Khandwala Sec.,531892,KHANDSE,INE060B01014,Capital Markets,Stockbroking & Allied,17.05,26.01,-3.47,-4.49,0.10,-18.60,6.95,,,-0.34,4.18,28.46,48.78,23.29,1.09,0.94,0.78,4.23,-1.26,,-0.39,-0.78,0.00,-9.45,-1.26,0,0
Kiduja India,507946,,INE845A01028,Finance,Non Banking Financial Company (NBFC),21.60,51.84,27.16,,,-124.88,112.55,32.75,,-7.37,0.00,84.28,75.00,0.00,9.99,,0.24,21.59,-1.45,30.91,6.77,,0.00,-11.64,-1.45,1,0
KIFS Financial,535566,,INE902D01013,Finance,Non Banking Financial Company (NBFC),112.05,121.24,8.18,13.27,6.02,95.94,5.39,7.68,14.54,36.80,1.83,479.91,74.41,0.00,0.00,1.91,6.93,16.09,1.44,7.68,1.55,0.25,1.34,20.51,1.44,0,1
Kinetic Trust,531274,,INE674M01019,Finance,Non Banking Financial Company (NBFC),60.99,20.49,5.72,3.66,5.55,77.25,86.45,51.83,157.62,1.29,0.24,42.93,71.42,0.00,0.00,4.87,2.78,47.58,1.16,51.83,0.18,,0.00,1.50,1.16,0,0
Kiran Vyapar,537750,KIRANVYPAR,INE555P01013,Finance,Non Banking Financial Company (NBFC),198.24,540.88,1.59,0.05,0.22,39.33,16.59,-70.33,78.27,53.68,1.40,859.22,74.95,0.00,0.00,0.24,22.45,-59.32,1.51,-70.33,7.09,2.42,0.50,-1.15,1.51,0,0
KJMC Corporate,532304,,INE602C01011,Finance,Other Financial Services,66.70,26.19,5.87,3.14,0.10,29.24,27.96,71.29,12.90,4.11,3.74,6.27,70.03,0.00,3.69,0.46,12.40,26.70,3.67,71.29,1.81,2.75,0.00,6.80,3.67,1,0
KJMC Financial,530235,,INE533C01018,Finance,Non Banking Financial Company (NBFC),66.97,32.05,2.56,1.24,0.13,64.68,29.26,56.70,13.47,4.88,1.12,45.56,74.40,0.00,0.60,0.31,2.21,25.48,3.54,56.70,2.26,6.67,0.00,1.60,3.54,1,1
Kotak Mah. Bank,500247,KOTAKBANK,INE237A01036,Banks,Private Sector Bank,423.70,421482.19,6.98,11.39,3.65,23.75,18.30,8.94,21.04,56875.82,3800.56,1032534.31,25.87,0.00,-0.07,2.33,2.24,14.13,1.91,8.89,4.50,6.85,0.15,0.71,1.91,0,1
Kreon Finnancial,530139,,INE302C01018,Finance,Non Banking Financial Company (NBFC),83.90,169.66,18.59,21.66,1.00,21.91,65.47,16.60,21.50,12.97,3.88,196.55,60.53,0.00,9.93,4.70,2.61,76.49,5.15,2.21,1.86,1.94,0.00,0.68,5.15,0,0
Krishna Capital,539384,,INE897B01019,Finance,Non Banking Financial Company (NBFC),41.38,13.07,-1.92,-2.08,0.00,-22.03,-0.86,,,-0.05,0.01,12.58,42.87,0.00,0.00,2.12,41.00,,,,-0.19,-0.06,0.00,-18.00,,0,0
Kuber Udyog,539408,,INE594R01018,Finance,Non Banking Financial Company (NBFC),53.55,18.38,8.77,12.03,0.22,39.16,36.32,100.00,29.65,0.67,0.00,19.09,0.00,0.00,0.00,4.35,18.33,27.82,7.44,100.00,0.26,,0.00,-5.33,7.44,1,1
Kumbhat Fin.,526869,,INE795E01019,Finance,Non Banking Financial Company (NBFC),17.16,9.14,11.73,14.54,3.21,36.86,178.13,102.47,11.28,2.82,0.01,28.63,24.82,0.00,11.05,1.49,0.18,24.10,1.29,94.87,0.21,1.66,0.00,-8.79,1.29,0,0
L&T Finance Ltd,533519,LTF,INE498L01015,Finance,Non Banking Financial Company (NBFC),314.30,78765.02,8.40,11.22,3.94,61.23,11.93,255.77,24.59,11374.15,1307.63,181103.64,65.96,0.00,-0.14,2.81,2.76,32.35,1.61,254.65,2.81,4.41,0.87,-6.35,1.61,1,1
Ladderup Finance,530577,LADDERUP,INE519D01015,Finance,Non Banking Financial Company (NBFC),50.90,53.97,9.01,4.91,0.35,33.68,30.17,69.29,9.50,12.34,6.33,73.38,68.91,0.00,12.06,0.73,3.61,43.49,5.16,76.05,1.68,,0.00,2.47,5.16,1,1
Lak. Fin. & Indl,,LFIC,INE850E01012,Finance,Investment Company,137.60,41.28,-2.10,-1.22,0.00,11.21,24.75,,30.13,1.20,0.72,37.39,47.00,0.00,0.00,0.72,1.68,,40.00,,12.47,-1.54,2.18,-0.92,40.00,0,0
Landmarc Leisur.,532275,,INE394C01023,Finance,Non Banking Financial Company (NBFC),2.08,203.84,-1.55,-1.87,0.07,-228.12,-59.71,21.94,,-0.42,0.04,204.74,61.22,0.00,-13.77,4.65,3.36,1.87,,22.71,0.00,,0.00,-3.48,,,
Last Mile Enter.,526961,,INE404B01022,Finance,Non Banking Financial Company (NBFC),5.30,188.56,5.48,3.11,0.07,0.53,272.89,54.55,21.23,17.81,31.55,212.88,25.32,0.00,-36.27,0.48,3.76,,4.84,6.65,0.13,,0.38,-11.73,4.84,0,0
Laxmi India Fin.,544465,LAXMIINDIA,INE06WU01026,Finance,Non Banking Financial Company (NBFC),126.29,661.67,12.72,13.76,2.87,63.82,34.77,46.15,11.70,217.67,17.17,1863.70,60.17,0.00,,1.42,11.87,36.53,1.53,,2.34,4.52,0.00,-8.75,1.53,1,1
Lead Financial S,531288,,INE531D01010,Finance,Non Banking Financial Company (NBFC),17.27,5.70,3.10,1.63,0.00,31.48,21.92,-10.61,81.43,0.17,2.11,5.62,28.22,0.00,0.00,0.92,38.50,23.81,,-10.61,0.24,0.14,0.00,8.25,,0,0
Leading Lea. Fin,540360,,INE715Q01029,Finance,Non Banking Financial Company (NBFC),1.01,56.92,6.63,4.32,0.56,-11.69,240.20,104.49,,30.41,0.11,472.25,0.00,0.00,0.00,0.08,18.06,88.18,0.92,17.42,0.11,,0.00,-101.27,0.92,0,0
Lexora Global,512345,,INE745A01012,Finance,Other Financial Services,165.50,165.50,6.21,2.39,0.59,2.01,,,591.07,0.73,0.06,167.95,70.55,0.00,-0.97,16.32,2.02,,2.70,,1.33,,0.00,5.21,2.70,0,0
Libord Finance,511593,,INE212B01011,Finance,Non Banking Financial Company (NBFC),15.69,24.63,3.94,3.75,0.00,-17.89,8.18,100.00,175.93,0.22,0.00,24.59,74.82,0.00,0.01,1.43,38.50,48.04,4.40,100.00,0.02,-0.31,0.00,12.46,4.40,0,0
Libord Securitie,531027,,INE267E01019,Finance,Other Financial Services,21.33,10.67,-1.37,-1.65,0.00,,,,,-0.25,0.00,10.66,74.97,0.00,0.00,2.97,68.67,,-25.00,,0.12,,0.00,-0.24,-25.00,0,0
LIC Housing Fin.,500253,LICHSGFIN,INE115A01026,Finance,Housing Finance Company,535.00,29428.37,8.59,14.41,6.70,94.82,8.28,24.69,5.13,26968.79,416.41,305618.92,45.24,0.00,0.00,0.71,0.41,15.38,1.37,24.69,24.80,32.76,1.87,-3.13,1.37,0,0
Life Insurance,543526,LICI,INE0J1Y01017,Insurance,Life Insurance,422.00,533829.81,35.14,37.82,,4.74,7.61,16.94,8.89,53425.06,0.00,533829.81,96.50,0.00,0.00,,,80.80,,16.94,8.66,10.20,2.37,-0.22,,1,1
LKP Securities,540192,LKPSEC,INE341H01023,Capital Markets,Stockbroking & Allied,15.44,127.75,13.53,10.50,0.74,22.14,11.05,39.92,17.45,18.88,23.94,64.29,72.07,0.00,1.37,1.25,1.73,19.97,2.13,37.66,0.53,0.30,1.30,-1.26,2.13,0,0
Longspur Intl,504340,,INE180M01033,Finance,Other Financial Services,8.45,26.11,2.26,1.78,0.33,25.53,-34.31,96.36,52.22,0.72,0.67,36.09,23.39,0.00,10.31,0.38,0.86,,36.00,90.18,0.14,0.08,0.00,-4.28,36.00,0,0
Lyons Corporate,531441,,INE100F01019,Finance,Non Banking Financial Company (NBFC),21.30,9.96,5.85,2.78,0.76,58.88,12.28,71.00,34.34,1.14,0.15,18.47,52.11,0.00,-0.06,0.87,7.00,31.12,1.37,71.00,-0.02,0.22,0.00,2.74,1.37,0,1
M & M Fin. Serv.,532720,M&MFIN,INE774D01024,Finance,Non Banking Financial Company (NBFC),376.60,52346.31,8.72,12.26,4.82,63.43,17.93,11.83,15.62,13523.12,1328.31,173148.63,52.49,0.00,0.33,1.97,2.74,34.68,1.50,11.83,3.80,8.23,1.99,-7.07,1.50,1,1
Mah. Scooters,500266,MAHSCOOTER,INE288A01013,Finance,Investment Company,13696.00,15652.57,1.06,1.06,0.00,98.61,12.95,16.73,56.20,285.36,0.00,15644.99,51.00,0.00,0.00,0.57,2.39,104.24,,16.73,30.94,318.94,1.61,1.05,,1,0
Maha Rashtra Apx,523384,MAHAPEXLTD,INE843B01013,Finance,Other Financial Services,54.20,152.76,-1.51,-1.69,0.00,-1629.30,-20.81,22.09,,-26.94,3.64,150.08,71.57,0.00,9.03,0.33,0.31,,,22.09,8.46,,0.00,-0.26,,0,0
Manappuram Fin.,531213,MANAPPURAM,INE522D01027,Finance,Non Banking Financial Company (NBFC),348.90,32773.44,8.25,6.97,3.60,62.68,12.38,-12.76,22.61,6154.78,1057.25,84461.19,41.66,0.00,6.46,2.04,11.96,-10.44,1.46,-15.73,1.63,3.12,0.57,-0.55,1.46,0,1
Manba Finance,544262,MANBA,INE939X01013,Finance,Non Banking Financial Company (NBFC),130.81,657.18,12.49,11.65,3.80,65.97,35.03,43.94,13.45,228.49,15.32,1945.68,74.98,0.00,,1.60,24.52,29.04,1.40,-9.33,1.94,4.78,0.57,-8.62,1.40,1,1
Mangal Credit,505850,MANCREDIT,INE545L01039,Finance,Non Banking Financial Company (NBFC),247.65,522.89,12.48,9.77,1.92,78.86,48.70,24.62,29.08,59.40,17.57,802.27,55.25,0.00,-0.18,3.03,7.26,21.81,1.70,20.98,1.53,3.85,0.30,-3.84,1.70,1,1
Mangalam Industr,537800,,INE717C01025,Finance,Non Banking Financial Company (NBFC),0.61,86.93,-1.93,-1.93,0.00,-495.59,47.64,21.65,,0.26,0.09,86.71,37.37,12.66,-36.29,1.17,9.15,,,21.01,0.00,0.02,1.64,-0.36,,0,
Manipal Fin. Cor,507938,,INE798E01013,Finance,Non Banking Financial Company (NBFC),16.01,13.42,,,,-15.79,85.02,10.72,,-0.01,0.74,17.09,34.29,0.00,-0.01,,0.18,,-0.09,10.72,-0.12,-0.04,0.00,-1.03,-0.09,0,0
Manraj Hsg.Fin.,530537,,INE948I01015,Finance,Housing Finance Company,34.00,17.00,-2.49,,,,,,,-0.17,0.00,37.08,62.83,0.00,0.00,,31.33,,,,-0.68,,0.00,0.94,,0,0
Mansi Fin.(Chen),511758,,INE094E01017,Finance,Non Banking Financial Company (NBFC),60.01,21.18,10.70,8.34,0.47,70.17,15.70,20.26,6.02,6.56,9.33,37.59,70.68,0.00,1.43,0.52,7.62,13.32,3.69,20.26,3.45,3.03,0.00,3.71,3.69,1,1
Mantra Capital,511577,,INE304E01010,Finance,Non Banking Financial Company (NBFC),16.99,60.97,-9.31,-40.05,3.34,-30.41,429.39,,,-6.25,1.40,147.94,67.08,0.00,9.93,1.99,2.48,,-0.71,,-0.80,-2.07,0.00,1.09,-0.71,1,1
Marg Techno-Proj,540254,,INE245H01018,Finance,Non Banking Financial Company (NBFC),11.22,87.63,8.80,4.19,0.78,69.27,10.42,26.42,45.40,5.54,0.71,113.26,29.28,0.00,-43.49,2.53,1.96,29.67,2.04,-5.14,0.01,0.13,0.00,-10.73,2.04,1,1
Margo Finance,500206,,INE680B01019,Finance,Non Banking Financial Company (NBFC),65.23,29.81,1.28,0.86,0.00,82.11,49.21,57.10,24.43,1.79,0.22,29.25,53.41,0.00,0.01,0.24,24.25,44.47,,57.10,0.04,,0.00,0.26,,1,1
Market Creators,526891,,INE944C01017,Finance,Other Financial Services,15.22,15.98,5.58,-1.50,0.56,-5.12,-7.07,,,0.61,0.93,19.08,70.07,0.00,-1.25,1.52,1.23,-1.37,0.88,,-0.11,,0.00,0.17,0.88,0,0
Maruti Global Industries,531319,,INE368C01019,Finance,Non Banking Financial Company (NBFC),37.64,18.82,69.57,,,3.32,,46.20,17.59,1.20,0.26,41.49,59.85,0.00,-14.42,,1.43,46.72,,46.20,0.12,,0.00,1.08,,0,1
MAS FINANC SER,540749,MASFIN,INE348L01012,Finance,Non Banking Financial Company (NBFC),294.40,5341.99,11.30,13.42,3.47,70.25,26.41,22.63,13.44,1467.31,74.45,14655.60,66.66,0.00,-7.06,1.80,3.66,21.02,1.59,18.57,4.71,9.59,0.68,-3.67,1.59,1,1
MASK INVESTMENTS,,MASKINVEST,INE885F01015,Finance,Investment Company,145.00,44.25,0.10,0.08,0.01,34.38,1.06,0.00,491.67,0.11,0.00,44.63,72.25,0.00,0.00,0.73,1.79,43.10,,0.00,-0.13,,0.00,-4.00,,1,0
Master Trust,511768,MASTERTR,INE677D01037,Capital Markets,Stockbroking & Allied,82.68,1017.10,23.85,17.33,0.28,41.45,19.30,24.15,7.61,241.99,19.84,-579.53,71.93,16.95,-2.90,1.25,1.82,29.69,4.09,19.17,2.41,4.02,0.00,-0.31,4.09,0,0
Mathew Easow Res,511688,,INE963B01019,Finance,Non Banking Financial Company (NBFC),13.88,9.23,4.24,0.56,1.53,60.48,7.13,25.99,115.38,1.77,0.07,31.04,31.28,0.00,0.00,0.65,1.77,-6.17,1.08,25.99,0.03,0.00,0.00,36.38,1.08,0,0
Max Financial,500271,MFSL,INE180A01020,Insurance,Life Insurance,1564.40,53989.75,2.87,1.52,0.35,0.52,14.92,-40.40,497.58,283.92,607.22,53711.25,1.25,26.92,-8.89,10.22,0.06,-28.39,2.22,-40.40,2.02,0.64,0.00,20.17,2.22,0,1
Max India Ltd,543223,MAXIND,INE0CG601016,Finance,Holding Company,150.40,847.06,-23.03,-32.84,0.24,-54.34,-0.04,,,-115.78,194.51,866.20,48.33,0.00,-2.78,1.93,2.38,,-8.91,,-4.91,-9.33,0.00,1.16,-8.91,0,1
Medi Assist Ser.,544088,MEDIASSIST,INE456Z01021,Insurance,Insurance Distributors,333.80,2493.55,14.09,13.92,0.06,19.00,21.46,11.11,25.24,118.83,658.71,2461.61,4.61,0.00,,2.97,1.34,32.17,5.98,8.18,3.18,3.67,0.60,1.01,5.98,0,0
Mefcom Capital,531176,,INE186C01023,Capital Markets,Other Capital Market related Services,11.56,52.83,-3.65,-11.55,0.62,0.50,19.87,17.25,,0.97,0.46,67.37,74.43,0.00,0.00,2.16,2.41,,0.92,17.25,1.10,-0.08,0.00,3.91,0.92,0,1
Mega Corp.,531417,,INE804B01023,Finance,Non Banking Financial Company (NBFC),2.72,54.40,6.79,2.61,1.37,68.74,33.19,58.74,66.34,5.32,2.55,102.00,66.83,0.00,14.97,1.53,0.51,38.91,1.27,58.74,0.01,0.01,0.00,-87.20,1.27,1,0
Mehta Integrat.,511377,,INE240B01012,Finance,Non Banking Financial Company (NBFC),29.00,14.50,0.50,0.53,0.05,-124.14,0.00,-44.97,,-0.05,0.03,14.83,57.08,0.00,2.42,0.85,1.81,37.97,,-44.97,0.14,,0.00,1.63,,0,0
Mehta Securities,511738,,INE241B01010,Finance,Other Financial Services,22.10,6.83,0.15,0.00,0.21,21.21,1.10,,113.83,0.07,0.06,7.91,73.63,0.00,1.61,1.23,0.01,,,13.30,-0.23,,0.00,-6.06,,0,0
Mena Mani Inds.,531127,,INE148B01033,Finance,Non Banking Financial Company (NBFC),15.63,181.63,1.22,3.54,1.01,6.75,32.81,-14.20,163.63,1.12,0.91,192.68,41.73,0.00,-6.59,12.61,9.53,16.55,112.00,-18.31,0.02,0.02,0.00,9.91,112.00,1,1
Mid East Port.,526251,,INE033E01015,Finance,Other Financial Services,34.75,17.48,22.66,21.18,0.00,-120.00,107.46,142.91,,0.02,0.13,17.44,2.81,0.00,-36.45,3.89,2.04,,,142.91,2.43,,0.00,1.50,,0,0
Minolta Finance,532164,,INE514C01026,Finance,Non Banking Financial Company (NBFC),1.34,67.00,6.31,-14.26,19.11,68.94,171.14,,,10.20,0.07,244.83,3.59,0.00,0.00,7.20,1.50,,0.83,,0.00,,0.00,-26.00,0.83,,
MKVentures Cap.,514238,,INE874A01010,Finance,Investment Company,1032.65,396.89,13.23,9.81,0.00,56.07,-13.25,-13.46,55.12,10.50,14.91,390.75,74.36,0.00,0.00,3.50,4.41,,13.64,-13.79,11.16,7.41,0.02,3.49,13.64,0,0
Modern Shares,509760,,INE370A01019,Finance,Other Financial Services,35.43,10.38,2.62,1.56,0.02,7.49,6.52,3.57,94.36,0.22,0.12,-0.81,72.83,0.00,0.00,0.80,4.47,46.14,11.00,3.57,0.51,0.31,0.00,0.86,11.00,0,0
Monarch Networth,511551,MONARCH,INE903D01011,Capital Markets,Stockbroking & Allied,376.60,2986.75,27.68,20.49,0.04,69.90,32.08,61.56,16.49,247.89,21.49,2315.31,53.83,5.46,2.28,3.07,1.67,45.54,33.10,53.28,5.71,8.28,0.27,0.09,33.10,1,0
Money Masters,535910,,INE340O01021,Finance,Non Banking Financial Company (NBFC),0.65,6.52,3.42,2.71,1.14,39.34,-12.71,-9.77,12.07,0.72,0.03,21.77,34.65,77.28,0.00,0.49,0.13,-3.04,4.00,-9.76,0.01,0.00,0.00,1.16,4.00,0,0
Moneyboxx Fin.,538446,MONEYBOXX,INE296Q01012,Finance,Non Banking Financial Company (NBFC),56.97,397.70,9.05,0.48,2.28,42.26,66.27,30.00,303.59,85.55,39.31,929.79,46.80,7.16,-7.24,1.34,9.96,19.64,1.02,28.88,0.04,0.22,0.00,-187.41,1.02,0,0
Moongipa Capital,530167,,INE153K01018,Finance,Non Banking Financial Company (NBFC),21.38,19.59,4.97,3.14,0.22,7.64,84.32,35.36,32.11,1.29,0.17,24.82,37.39,0.00,0.01,0.83,236.11,11.69,2.15,35.40,1.04,0.68,0.00,-12.78,2.15,0,0
Morarka Finance,511549,,INE367A01015,Finance,Non Banking Financial Company (NBFC),65.02,29.26,1.58,1.35,0.00,78.88,-27.64,-32.65,17.52,1.98,0.05,29.14,66.77,0.00,0.00,0.25,1.17,15.69,,-32.65,0.31,3.25,2.31,1.15,,0,1
Morgan Ventures,526237,,INE902C01015,Finance,Non Banking Financial Company (NBFC),45.90,45.44,8.96,4.53,2.10,71.75,36.96,-11.44,59.79,22.07,20.12,241.83,74.80,0.00,0.00,0.49,2.19,23.18,1.23,-11.44,1.06,1.09,0.00,-0.14,1.23,0,0
MOS Utility,,MOS,INE0N7S01028,Financial Technology (Fintech),Financial Technology (Fintech),9.60,247.14,19.50,18.66,0.67,4.52,81.56,78.97,13.66,30.17,26.98,275.63,55.69,42.12,-8.98,2.32,1.38,,5.74,62.16,0.16,,0.00,2.41,5.74,1,0
Motil.Oswal.Fin.,532892,MOTILALOFS,INE338I01027,Capital Markets,Stockbroking & Allied,1038.30,62539.22,12.66,15.53,1.65,40.94,30.95,25.93,31.58,4049.07,768.67,70310.87,67.20,0.00,-2.46,4.85,2.10,6.96,2.78,25.22,19.38,13.36,0.58,0.37,2.78,0,0
MPIL Corporation,500450,,INE844C01027,Finance,Other Financial Services,460.70,26.26,-21.60,-28.22,0.31,-7033.33,,,,-3.17,5.94,29.35,74.78,0.00,0.00,2.58,0.07,,-6.60,,2.10,-12.74,0.10,0.35,-6.60,1,0
Mrugesh Trading,512065,,INE738D01029,Finance,Non Banking Financial Company (NBFC),104.60,7556.83,-0.49,-0.53,0.03,-12.33,,,,-0.09,0.01,7559.04,0.25,0.00,-74.12,104.77,12.71,-22.16,,24.22,-0.20,,0.00,-51.03,,0,0
MSL Global,511000,,INE856D01011,Finance,Non Banking Financial Company (NBFC),18.05,38.66,3.51,3.56,0.00,51.35,,,19.43,1.64,3.45,27.95,16.25,0.00,-0.30,0.51,9.32,,,,-0.22,,0.00,10.51,,0,1
Mufin Green,542774,MUFIN,INE08KJ01020,Finance,Non Banking Financial Company (NBFC),138.27,2739.99,10.73,6.69,2.43,77.00,82.71,51.56,71.78,187.18,7.32,3918.78,47.30,0.00,-10.89,4.77,7.12,7.31,1.38,38.43,0.24,0.82,0.00,-7.06,1.38,1,1
Mukesh Babu Fin.,530341,MUKESHB,INE596B01017,Finance,Non Banking Financial Company (NBFC),145.83,101.66,3.33,1.61,0.14,14.47,27.84,2.89,30.70,9.89,3.03,140.46,62.86,0.00,0.00,0.30,14.12,-17.04,1.97,2.89,4.23,3.20,0.82,-12.79,1.97,1,0
Multi Comm. Exc.,534091,MCX,INE745G01043,Capital Markets,Exchange and Data Platform,3332.00,84963.28,71.34,56.30,0.00,72.01,-64.48,-55.28,55.11,1957.51,4.17,84937.96,0.00,0.00,0.00,2983.26,0.87,-40.80,4255.46,-55.28,7.97,22.62,0.24,1.53,4255.46,1,1
Munoth Capital,511200,,INE910G01027,Capital Markets,Stockbroking & Allied,95.00,87.08,-3.08,-3.11,0.02,-24.00,36.92,9.35,,-0.14,0.02,87.11,73.08,0.00,0.52,15.30,8.67,,,9.72,-0.12,-0.64,0.00,-0.39,,0,0
Munoth Commun.,511401,,INE410E01015,Finance,Other Financial Services,5.73,5.53,-2.31,-3.44,0.12,-63.64,,16.32,,-0.30,2.76,6.99,30.48,0.00,0.00,0.46,0.31,-3.58,-3.75,16.32,-0.08,,0.00,0.54,-3.75,0,0
Munoth Fin.Serv.,531821,,INE348D01019,Finance,Other Financial Services,57.78,29.67,-7.06,-10.83,0.05,-336.84,-7.02,,,-1.28,3.97,30.15,71.14,0.00,0.00,2.99,1.60,,,,-0.16,,0.00,0.28,,1,1
Muthoot Cap.Serv,511766,MUTHOOTCAP,INE296G01013,Finance,Non Banking Financial Company (NBFC),240.43,395.45,10.26,1.86,4.94,54.66,12.16,-46.03,15.73,352.30,8.19,3186.27,63.33,0.00,0.71,0.59,8.56,-24.81,1.11,-46.03,-2.84,13.92,0.00,-24.08,1.11,0,0
Muthoot Finance,533398,MUTHOOTFIN,INE414G01012,Finance,Non Banking Financial Company (NBFC),3091.00,124093.91,15.80,30.92,4.02,82.53,37.91,43.11,10.91,27551.05,737.77,272566.89,73.35,0.00,0.00,3.06,3.73,22.71,2.28,43.11,50.22,134.96,0.97,-5.00,2.28,1,1
Muthoot Microfin,544055,MUTHOOTMF,INE046W01019,Finance,Microfinance Institutions,208.46,3554.08,9.31,6.22,3.40,50.47,18.45,1.37,14.48,1221.20,199.26,12120.56,55.47,0.00,,1.25,13.27,89.16,1.34,-10.62,0.36,3.46,0.00,-6.12,1.34,0,1
My Money Sec.,538862,,INE232L01018,Capital Markets,Stockbroking & Allied,35.50,59.64,14.69,14.67,0.01,72.94,-21.96,152.99,8.48,7.48,1.90,55.65,63.82,0.00,0.00,1.94,20.34,142.70,149.60,150.45,-0.46,,0.00,1.93,149.60,0,0
My Mudra Fin.,,MYMUDRA,INE0RVQ01016,Finance,Other Financial Services,71.55,81.51,26.18,20.20,0.17,15.83,29.88,51.22,6.79,17.49,17.85,77.90,57.89,0.00,,1.25,6.07,,12.23,-84.70,5.39,,0.00,-0.48,12.23,1,0
N S D L,544467,,INE301O01023,Capital Markets,"Depositories, Clearing Houses and Other Intermediaries",813.70,16274.00,23.22,17.36,0.01,25.15,14.40,18.20,41.91,522.83,420.79,15782.76,0.00,0.00,,6.87,1.34,15.11,77.11,18.20,4.48,6.15,0.49,1.41,77.11,0,0
Naga Dhunseri,,NDGL,INE756C01015,Finance,Non Banking Financial Company (NBFC),2783.00,278.30,0.14,-1.06,0.19,-4.13,248.46,,,2.73,716.59,483.91,73.58,0.00,0.00,0.22,1.35,,0.13,,273.50,,0.09,-0.62,0.13,0,1
Nagreeka Cap.,532895,NAGREEKCAP,INE245I01016,Finance,Investment Company,22.77,28.73,14.46,29.84,3.32,28.27,31.44,30.13,3.89,17.88,1.08,122.28,53.53,0.00,0.00,1.01,3.58,110.33,2.21,30.13,2.85,4.11,0.00,0.18,2.21,0,0
Nahar Capital,532952,NAHARCAP,INE049I01012,Finance,Investment Company,258.44,432.79,5.03,3.98,0.01,56.88,-5.77,-16.05,3.63,104.23,68.33,441.95,72.53,0.00,0.98,0.27,0.74,0.70,144.76,-16.05,6.86,5.26,0.58,-0.19,144.76,1,1
Nalin Lease Fin.,531212,,INE606C01012,Finance,Non Banking Financial Company (NBFC),39.00,25.58,10.96,8.68,0.27,60.38,3.93,1.74,7.61,5.05,1.48,35.14,74.87,0.00,3.83,0.67,2.16,4.76,7.01,1.74,1.40,1.70,0.00,-0.89,7.01,0,1
Nalwa Sons Invst,532256,NSIL,INE023A01030,Finance,Investment Company,5715.50,2937.77,0.48,0.34,0.00,77.18,-8.85,-15.67,53.05,77.63,0.02,2917.32,55.61,0.00,0.00,0.19,12.53,5.45,189.34,-15.67,50.21,52.02,0.00,1.34,189.34,1,0
Nam Securities,538395,,INE792G01011,Finance,Other Financial Services,81.70,44.05,1.75,1.23,0.00,0.50,-17.60,67.11,244.72,0.22,1.93,43.27,75.00,0.00,0.00,3.83,49.30,-11.65,,67.11,0.30,0.23,0.00,-2.28,,0,1
Naperol Invest.,500298,,INE585A01020,Finance,Investment Company,706.70,406.14,1.07,1.03,0.00,34.00,141.83,259.71,37.64,11.26,0.07,404.86,70.77,0.00,0.01,0.44,5.57,-20.98,,259.71,0.14,0.65,2.76,-0.33,,0,1
NBI Indl. Fin.,,NBIFIN,INE365I01020,Finance,Non Banking Financial Company (NBFC),1988.70,587.63,0.56,0.42,0.00,85.56,25.03,33.11,42.31,18.51,0.00,585.66,74.17,0.00,-0.17,0.22,2.14,50.50,,25.17,-1.18,,0.04,0.59,,1,0
NCL Res. & Finl.,530557,,INE132F01038,Finance,Non Banking Financial Company (NBFC),0.72,113.03,-2.53,-2.34,0.00,-53.58,15.87,,,-3.51,0.10,112.53,0.00,0.00,0.00,1.03,2.17,,,,0.01,-0.02,0.00,12.85,,1,0
NDA Securities,511535,,INE026C01013,Finance,Other Financial Services,25.55,15.20,1.84,-0.65,0.00,-8.40,16.56,,,-0.47,1.07,6.90,58.82,0.00,-12.65,1.26,2.34,,-1.57,,0.18,-1.89,0.00,-0.20,-1.57,0,0
NDL Ventures,500189,NDLVENTURE,INE353A01023,Finance,Other Financial Services,119.70,403.05,2.04,1.53,0.00,,,49.93,537.40,1.02,0.00,397.52,66.20,0.00,1.52,6.80,11.48,15.06,,49.93,0.07,,0.42,-7.14,,1,0
Neil Industries,539016,,INE396C01010,Finance,Non Banking Financial Company (NBFC),6.86,13.41,4.39,2.49,0.09,83.96,9.60,-7.17,8.54,2.91,12.76,18.28,1.88,0.00,0.00,0.22,2.73,8.82,4.69,-7.17,0.17,0.35,0.00,-2.21,4.69,1,1
Network People,544396,NPST,INE0FFK01017,Financial Technology (Fintech),Financial Technology (Fintech),1701.10,3549.09,19.67,15.00,0.03,25.11,68.39,84.03,79.47,60.82,55.01,3253.47,60.48,0.00,-7.07,8.05,7.42,106.77,66.11,79.65,3.71,8.99,0.12,0.40,66.11,0,1
New India Assura,540769,NIACL,INE470Y01017,Insurance,General Insurance,186.34,30708.83,4.29,4.92,,-0.11,6.66,98.65,39.92,663.01,0.00,30708.83,85.44,0.00,0.00,,,-2.92,,98.65,2.43,-0.55,0.80,-3.37,,0,0
Nexome Cap. Mkt.,508905,,INE641A01013,Finance,Other Financial Services,112.45,120.72,10.40,7.46,0.04,37.38,-3.93,187.82,9.94,17.00,9.55,120.76,51.81,0.00,6.44,0.58,9.52,180.52,30.91,183.23,1.44,-6.14,1.33,-4.48,30.91,1,0
Nexus Surgical,538874,,INE370Q01015,Finance,Other Financial Services,21.68,11.86,69.23,51.75,0.00,11.38,71.88,63.28,15.21,1.05,0.02,11.36,18.73,0.00,0.00,6.59,1.96,37.60,,63.28,0.27,0.46,0.00,0.18,,1,1
Nikki Glob.Fin.,531272,,INE526C01012,Finance,Non Banking Financial Company (NBFC),19.37,6.62,13.05,14.95,0.34,80.30,35.72,118.98,13.51,0.53,0.00,7.12,7.93,0.00,0.12,4.39,0.21,55.18,,118.98,-0.15,,0.00,-0.33,,0,0
Nippon Life Ind.,540767,NAM-INDIA,INE298J01013,Capital Markets,Asset Management Company,1194.40,76415.51,43.80,34.48,0.02,66.73,24.59,28.35,46.68,2119.33,916.22,76188.73,71.80,0.00,-1.84,16.36,1.54,17.59,313.05,27.34,6.23,8.30,1.80,0.51,313.05,1,1
Nisus Finance,544296,,INE0DQN01013,Finance,Holding Company,165.60,395.42,32.00,33.98,0.97,24.73,267.53,189.69,5.81,132.68,87.58,631.84,73.98,32.03,,1.47,1.38,107.63,5.18,2.98,6.77,,0.00,-0.27,5.18,1,0
Niva Bupa Health,544286,NIVABUPA,INE995S01015,Insurance,General Insurance,81.80,15126.73,3.15,3.46,,2.76,32.88,127.48,86.81,241.57,0.00,15126.73,55.30,0.00,,,,35.86,,,0.39,0.20,0.00,7.56,,0,1
Niyogin Fintech,538772,,INE480D01010,Finance,Non Banking Financial Company (NBFC),55.03,612.19,5.57,-0.12,0.69,2.50,37.85,25.53,,25.82,145.10,693.89,39.50,0.00,-0.10,1.88,1.66,14.22,0.96,25.60,-0.14,-0.03,0.00,6.69,0.96,0,1
Northern Arc,544260,NORTHARC,INE850M01015,Finance,Non Banking Financial Company (NBFC),285.75,4619.19,9.74,11.08,3.15,53.28,27.23,20.88,10.51,1522.45,65.44,16380.73,0.00,0.00,,1.19,1.92,43.16,1.62,-0.90,5.02,9.46,0.00,-3.53,1.62,1,1
Northlink Fiscal,539110,,INE736P01019,Finance,Non Banking Financial Company (NBFC),31.76,16.67,3.76,2.36,0.24,15.15,7.87,25.99,416.75,0.13,1.87,16.91,57.20,0.00,10.96,3.24,3.32,-7.79,1.44,25.99,-0.08,-0.84,0.00,1.08,1.44,0,1
NPR Finance,530127,,INE446D01011,Finance,Other Financial Services,19.81,11.87,0.58,0.42,0.01,6.84,-26.59,28.08,45.65,0.37,4.59,11.81,68.02,0.00,0.00,0.24,4.54,17.06,9.25,28.08,0.23,0.10,0.00,5.03,9.25,0,1
Nuvama Wealth,543988,NUVAMA,INE531F01023,Capital Markets,Stockbroking & Allied,1805.00,33251.39,17.49,27.36,2.80,52.28,27.71,50.60,30.71,2476.34,288.85,22823.79,53.98,62.80,-2.21,7.97,1.40,58.69,2.40,,14.66,19.61,1.54,-0.41,2.40,0,0
Oasis Securities,512489,,INE876A01023,Finance,Non Banking Financial Company (NBFC),14.95,69.14,8.81,7.43,0.00,38.96,20.27,64.22,125.71,1.07,0.19,68.72,71.61,0.00,0.96,4.86,2.48,-16.68,,64.02,0.14,0.05,0.00,-3.09,,0,0
Octal Credit Cap,538894,,INE513C01010,Finance,Non Banking Financial Company (NBFC),19.50,9.75,-6.72,-6.76,0.00,-651.35,-30.04,,,-0.78,0.00,9.55,26.63,0.00,-0.20,0.42,42.00,,,,1.26,-0.82,0.00,0.47,,1,1
Odyssey Corpn.,531996,ODYCORP,INE839E01023,Finance,Non Banking Financial Company (NBFC),7.98,71.42,6.57,2.73,0.04,-10.52,-14.08,48.76,10.43,17.85,4.95,71.96,48.24,0.00,4.69,0.37,18.56,-5.47,37.98,16.67,0.08,0.11,0.00,-8.14,37.98,1,1
One 97,543396,PAYTM,INE982J01020,Financial Technology (Fintech),Financial Technology (Fintech),1650.90,105844.67,4.96,4.64,0.01,7.03,1.83,33.98,130.45,891.00,906.00,92991.67,0.00,0.00,0.00,6.59,2.34,19.45,42.43,33.91,1.93,0.40,0.00,0.66,42.43,0,1
One Mobikwik,544305,MOBIKWIK,INE0HLU01028,Financial Technology (Fintech),Financial Technology (Fintech),192.33,1514.54,-2.25,-8.28,0.51,0.83,27.54,13.01,515.15,27.28,23.37,897.36,25.08,0.00,,2.81,1.47,9.60,1.13,16.85,-5.36,-1.16,0.00,0.63,1.13,0,0
Onelife Capital,533632,ONELIFECAP,INE912L01015,Capital Markets,Stockbroking & Allied,31.30,116.94,11.41,9.96,0.43,-40.21,20.40,60.85,12.19,14.79,33.78,127.19,26.03,71.00,-26.07,1.60,1.38,155.65,4.12,60.88,-0.14,,0.00,-7.42,4.12,0,0
Onemi Technology,544754,KISSHT,INE12F801023,Finance,Other Financial Services,306.30,5429.76,22.59,24.02,1.44,30.15,29.82,116.54,17.14,658.93,49.31,7116.63,24.80,0.00,,,1.57,46.79,2.33,-25.28,11.14,,0.00,-4.17,2.33,0,0
Ontic Finserve,540386,,INE989S01042,Finance,Other Financial Services,1.51,13.59,19.26,15.70,0.09,-707.50,23.47,138.11,,-2.68,0.00,13.68,0.00,0.00,0.00,3.60,1.15,68.29,,138.11,0.04,,0.00,-0.28,,0,0
Optimus Finance,531254,OPTIFIN,INE031G01022,Finance,Non Banking Financial Company (NBFC),13.03,97.36,11.62,9.38,0.59,7.18,22.54,8.49,17.17,16.14,17.78,128.49,53.89,0.00,0.00,1.47,3.74,23.61,3.60,8.48,0.19,0.27,0.00,-1.61,3.60,0,0
Oswal Green Tech,539290,OSWALGREEN,INE143A01010,Finance,Investment Company,20.74,532.62,1.75,1.46,0.00,-31.27,-27.59,-2.04,13.73,44.52,120.38,527.46,70.65,0.00,6.32,0.22,29.42,-6.58,63.60,-2.04,0.26,-0.22,0.00,12.91,63.60,0,1
P. H. Capital,500143,,INE160F01013,Finance,Investment Company,1137.90,341.38,8.47,5.80,0.00,-12.45,13.95,41.97,,-5.12,0.00,311.28,72.70,0.00,0.00,5.93,51.51,-20.65,-128.00,41.97,23.33,-42.78,0.02,-1.02,-128.00,0,0
Paisalo Digital,532900,PAISALO,INE420C01059,Finance,Non Banking Financial Company (NBFC),67.56,6144.73,12.38,14.42,2.43,75.90,25.46,35.35,24.39,733.43,84.22,10354.39,46.71,21.91,0.47,3.43,1.99,33.00,1.85,34.78,0.52,1.01,0.15,-4.27,1.85,1,1
Pan India Corpor,511525,,INE376A01032,Finance,Investment Company,1.57,33.64,-6.28,-6.28,0.00,,,11.50,,-0.45,0.00,33.59,45.51,0.00,0.00,4.03,2.00,8.31,,11.50,-0.01,,0.00,0.03,,0,0
Panafic Industri,538860,,INE655P01029,Finance,Non Banking Financial Company (NBFC),2.02,99.54,-17.07,-27.05,0.88,-2.03,2.78,,58.21,1.94,0.01,105.99,16.40,0.00,1.90,13.13,22.45,,8.43,,0.00,,0.00,-114.00,8.43,,
Paragon Finance,531255,,INE015E01012,Finance,Non Banking Financial Company (NBFC),55.50,23.59,-3.78,-3.78,0.05,-69.16,-9.68,,27.75,1.37,0.52,23.95,73.94,0.00,1.15,0.82,1.24,,68.50,,3.29,,0.00,4.35,68.50,1,1
Paras Petrofils,521246,PARASPETRO,INE162C01024,Finance,Investment Company,2.22,74.20,-1.74,-1.89,0.00,,,,,-0.43,1.81,74.17,40.19,0.00,0.89,3.71,286.50,,,,0.01,,0.00,6.50,,,0
Pasupati Fincap,511734,,INE527C01010,Finance,Non Banking Financial Company (NBFC),12.09,5.68,,,,40.74,,,47.33,0.24,0.00,6.52,11.55,0.00,0.05,,0.75,-1.47,2.00,,-0.15,,0.00,0.86,2.00,0,0
Paul Merchants,539113,PML,INE291E01019,Finance,Other Financial Services,485.15,149.62,-30.85,-31.75,0.01,-0.33,-32.99,,7.29,34.62,135.29,70.24,74.66,0.00,0.00,0.17,10.95,,47.42,,932.10,-8.73,0.00,6.95,47.42,0,0
PB Fintech.,543390,POLICYBZR,INE417T01026,Financial Technology (Fintech),Financial Technology (Fintech),1811.50,83817.18,10.31,9.75,0.05,8.26,38.49,50.00,112.02,833.06,441.17,83417.48,0.00,0.00,0.00,11.46,4.41,41.91,21.12,49.44,1.84,2.38,0.00,-0.79,21.12,1,1
Pilani Invest.,539883,PILANIINVS,INE417C01014,Finance,Investment Company,4387.90,4858.39,1.41,0.20,0.15,87.15,0.52,-49.83,,221.12,3.50,7244.21,58.68,0.00,1.13,0.31,1.17,-20.31,1.29,-49.83,-3.63,41.91,0.21,6.41,1.29,0,1
Pine Labs,544606,PINELABS,INE15B701018,Financial Technology (Fintech),Financial Technology (Fintech),165.07,19046.74,4.15,2.46,0.07,14.43,19.27,35.68,147.17,258.66,1855.86,11261.47,0.00,0.00,,3.22,1.52,32.26,3.43,27.25,0.11,0.10,0.00,0.68,3.43,0,1
Pioneer Invest,507864,PIONRINV,INE746D01014,Finance,Other Financial Services,82.45,101.39,10.95,9.71,0.64,35.62,13.06,97.67,7.10,27.91,7.57,206.38,65.91,43.18,1.11,0.59,1.47,78.42,2.63,97.67,2.94,0.28,0.00,-3.13,2.63,1,0
Piramal Finance.,544597,PIRAMALFIN,INE202B01038,Finance,Housing Finance Company,2278.40,51646.25,6.47,0.86,2.84,58.84,21.46,-56.33,115.05,6900.45,2351.81,126067.52,46.16,0.00,,1.83,4.51,15.05,1.04,98.74,0.11,7.69,0.48,-16.81,1.04,1,1
PMC Fincorp,534060,,INE793G01035,Finance,Non Banking Financial Company (NBFC),1.71,121.77,6.07,3.47,0.00,55.60,29.70,43.69,19.09,11.15,0.14,118.80,20.89,0.00,1.55,0.66,1.96,27.57,5.44,43.69,0.06,0.04,0.58,-1.95,5.44,0,0
PNB Gilts,532366,PNBGILTS,INE859A01011,Finance,Investment Company,78.71,1416.86,6.14,11.08,14.56,83.38,11.37,60.30,13.99,1453.91,5.89,25749.03,74.07,0.00,0.00,0.83,3.68,-17.10,1.10,60.30,8.89,0.75,2.54,-0.85,1.10,0,0
PNB Housing,540173,PNBHOUSING,INE572E01012,Finance,Housing Finance Company,1169.90,30511.45,9.44,12.91,3.70,94.34,9.41,30.14,12.98,8138.73,273.32,98471.06,28.03,0.00,-0.12,1.59,1.25,20.21,1.59,29.96,20.44,33.38,0.68,-4.19,1.59,1,0
Polytex India,512481,,INE012F01016,Finance,Non Banking Financial Company (NBFC),4.35,5.87,-5.26,-6.24,0.12,,,,,-0.13,0.01,6.11,36.36,0.00,0.00,2.52,0.09,,-13.00,,-0.03,,0.00,0.64,-13.00,1,0
Poonawalla Fin,524000,POONAWALLA,INE511C01022,Finance,Non Banking Financial Company (NBFC),479.05,42183.98,7.51,5.86,4.68,54.88,46.11,4.73,53.61,4193.66,420.29,90326.10,59.02,0.00,-3.10,3.76,0.89,24.33,1.33,2.77,0.80,5.80,0.00,107.76,1.33,0,1
Power Fin.Corpn.,532810,PFC,INE134E01011,Finance,Financial Institution,352.00,116163.58,9.71,20.69,7.00,97.40,14.17,17.71,4.46,112399.27,758.03,1108362.22,55.99,0.00,0.00,0.81,1.25,17.14,1.62,17.71,20.81,27.33,5.27,-3.05,1.62,0,0
Premium Capital,511660,,INE555D01019,Finance,Non Banking Financial Company (NBFC),10.02,6.57,34.21,,,0.37,712.56,58.74,,0.03,0.24,9.00,24.25,0.00,-19.01,,53.00,16.89,0.30,58.74,0.32,-0.77,0.00,-0.11,0.30,0,0
Prime Capital Ma,535514,,INE748D01010,Finance,Non Banking Financial Company (NBFC),5.77,5.77,-4.73,-8.69,1.32,-5.91,465.03,,,-1.89,0.00,17.45,0.00,0.00,-4.91,0.63,0.46,,-2.95,,0.01,,0.00,0.03,-2.95,0,0
Prime Securities,500337,PRIMESECU,INE032B01021,Finance,Other Financial Services,287.85,977.55,8.25,4.09,0.01,10.22,43.17,-1.47,57.30,9.45,11.84,974.37,0.00,0.00,0.00,3.81,13.49,2.90,8.36,-2.99,3.12,1.49,0.52,0.69,8.36,0,0
Prism Finance,531735,,INE429Q01019,Finance,Non Banking Financial Company (NBFC),27.00,17.55,-20.07,-19.21,0.00,-31.55,53.65,0.74,,-2.21,0.51,17.57,45.90,0.00,0.00,0.94,0.49,,-31.57,0.74,5.80,-2.84,0.00,-1.02,-31.57,1,1
Prism Medico,512217,,INE730E01016,Finance,Non Banking Financial Company (NBFC),29.69,40.27,2.82,2.10,0.00,-45.88,23.80,81.71,,-0.27,0.03,40.21,29.98,0.00,4.98,1.17,77.30,34.86,,81.71,1.09,,0.00,0.40,,1,0
Prithvi Exchange,531688,,INE621B01021,Finance,Other Financial Services,99.04,81.70,8.98,6.45,0.09,0.08,6.93,-10.08,26.53,4.00,3.10,64.49,72.02,0.00,0.07,1.53,2.93,30.47,14.29,-10.08,1.37,1.06,2.02,-0.29,14.29,0,0
Prudent Corp.,543527,PRUDENT,INE00F201020,Capital Markets,Financial Products Distributor,3421.30,14166.47,37.48,28.65,0.04,24.22,29.51,23.91,57.81,334.32,257.18,14098.50,55.31,0.00,-3.12,16.05,1.25,37.45,58.24,23.91,12.51,19.93,0.10,0.73,58.24,1,1
PS IT Infra,505502,,INE953M01033,Finance,Other Financial Services,1.75,9.41,-3.68,-5.03,0.31,-8.72,24.20,,,-0.66,0.00,19.35,1.89,0.00,-0.10,0.29,3.38,,-1.03,,-0.17,,0.00,5.81,-1.03,1,0
PTC India Fin,533344,PFS,INE560K01014,Finance,Non Banking Financial Company (NBFC),26.95,1730.95,11.82,11.01,0.57,105.40,-13.39,22.25,7.70,497.72,15.66,2457.30,64.99,0.00,0.00,0.56,16.30,65.84,2.52,22.25,2.13,1.08,0.00,5.23,2.52,0,0
Pun. & Sind Bank,533295,PSB,INE608A01012,Banks,Public Sector Bank,23.14,16419.18,5.95,9.62,11.21,69.80,14.45,0.26,11.86,10215.31,1960.08,174365.68,93.85,0.00,-4.40,1.12,3.96,19.96,1.23,-1.26,0.38,0.60,1.69,-2.42,1.23,1,1
Pune e-Stock Broking,544141,,INE510U01018,Capital Markets,Stockbroking & Allied,249.95,438.68,15.06,12.20,0.30,49.51,18.84,29.68,22.43,32.34,8.50,339.18,51.11,0.00,,2.25,2.75,25.43,5.67,0.64,3.46,,0.40,-3.39,5.67,0,1
Punjab Natl.Bank,532461,PNB,INE160A01022,Banks,Public Sector Bank,115.40,132628.57,6.13,12.99,11.79,74.67,14.62,76.45,6.00,116040.67,15573.19,1904745.72,70.08,0.00,-3.07,0.85,6.53,48.17,1.31,73.95,1.84,5.91,2.60,1.10,1.31,1,1
Purple Finance,544191,,INE0CYK01015,Finance,Non Banking Financial Company (NBFC),73.50,433.19,1.46,-6.33,0.83,22.61,165.04,-1.50,,11.03,31.49,531.32,24.46,0.00,,3.29,6.06,,0.81,,-0.89,0.25,0.00,5.08,0.81,0,0
Purshottam Inves,538647,,INE729C01020,Finance,Non Banking Financial Company (NBFC),35.54,26.38,-0.78,-3.19,0.37,30.74,-25.85,,27.77,3.90,3.26,31.89,0.00,0.00,0.00,0.48,0.90,,1.58,,1.78,-4.62,0.00,-5.65,1.58,0,1
Qgo Finance,538646,,INE837C01013,Finance,Non Banking Financial Company (NBFC),40.01,27.82,13.46,17.17,4.89,85.31,16.41,24.18,7.77,16.61,0.55,126.89,55.47,0.00,-7.89,1.32,5.63,32.99,1.41,24.18,1.12,1.89,1.50,1.51,1.41,1,1
Quest Capital,500069,,INE418C01012,Capital Markets,Other Capital Market related Services,251.30,251.30,2.58,1.98,0.00,97.53,-0.78,7.65,11.06,29.58,0.00,244.44,75.00,0.00,0.00,0.24,29.00,9.57,,7.65,1.54,,0.99,1.94,,1,0
R G F Capital,539669,,INE684D01025,Finance,Non Banking Financial Company (NBFC),1.51,22.65,2.67,0.29,0.00,63.51,50.00,,125.83,0.50,0.00,18.43,24.98,0.00,0.00,1.63,2.47,18.77,,40.95,0.00,,0.00,,,,
R R Fin. Cons.,511626,,INE229D01011,Finance,Non Banking Financial Company (NBFC),65.02,71.91,15.93,13.89,0.25,34.44,21.96,129.69,9.30,11.32,23.56,83.45,74.87,0.00,6.46,1.31,2.73,88.55,24.61,129.69,2.26,2.69,0.00,0.22,24.61,1,1
Raama Finance,538540,,INE516P01015,Finance,Non Banking Financial Company (NBFC),17.13,139.03,22.94,18.54,0.10,33.28,194.95,586.83,18.76,10.93,1.93,138.74,54.93,0.00,43.43,4.74,0.41,217.77,49.68,488.91,0.00,,0.00,-21.50,49.68,,
Rajkot Inv.Trust,539495,,INE176R01014,Finance,Non Banking Financial Company (NBFC),43.00,4.30,0.55,2.71,5.91,7.32,18.56,86.63,33.08,0.17,0.00,29.22,0.00,0.00,0.00,0.88,39.35,33.03,,86.63,1.00,0.60,0.00,8.40,,0,0
Rajputana Invest,539090,,INE751R01014,Finance,Non Banking Financial Company (NBFC),30.35,9.35,1.47,0.98,0.00,-4.00,74.59,-12.64,133.57,0.10,0.00,8.01,74.64,0.00,0.00,2.27,8.34,31.95,,-12.64,-0.06,-0.49,0.00,-0.46,,0,0
Rama Petrochem,500358,,INE783A01013,Finance,Non Banking Financial Company (NBFC),12.34,19.03,-44.12,,,-103.64,-29.90,,,-0.95,0.71,83.43,68.28,0.00,14.89,,0.06,,-0.15,,-1.48,-1.45,0.00,2.29,-0.15,0,0
Rander Corpn.,531228,,INE821D01031,Finance,Non Banking Financial Company (NBFC),13.14,16.21,-8.35,-6.50,0.03,-27.87,7.68,,,-1.56,5.41,16.12,24.14,0.00,0.85,0.76,18.38,,-78.00,,0.12,-0.12,0.00,2.93,-78.00,1,1
Rane Holdings,505800,RANEHOLDIN,INE384A01010,Finance,Holding Company,1598.90,2283.23,9.52,7.00,0.88,6.08,18.83,4.34,28.96,241.37,1179.11,3249.58,46.64,0.00,0.06,1.98,1.43,25.72,3.26,4.34,35.57,16.49,2.94,1.46,3.26,0,0
Ranjit Securitie,531572,,INE863D01017,Finance,Non Banking Financial Company (NBFC),62.50,16.81,1.87,1.17,0.00,-1.75,28.14,-28.31,840.50,0.08,0.21,16.35,42.56,0.00,0.00,2.79,3.54,-21.84,,-28.31,0.30,0.04,0.00,-1.65,,0,0
RBL Bank,540065,RBLBANK,INE976G01028,Banks,Private Sector Bank,382.00,59245.89,5.77,5.11,9.38,35.92,14.00,-2.33,67.65,9303.80,545.45,201046.36,60.00,0.00,60.00,1.42,4.02,10.08,1.13,-3.32,3.29,1.36,0.26,-1.60,1.13,0,0
Real Touch Fin,538611,,INE840I01014,Finance,Other Financial Services,47.25,59.97,11.13,10.45,4.44,68.80,55.65,25.59,11.97,28.97,0.53,288.55,54.12,0.00,0.00,1.15,1.20,29.23,1.34,25.59,1.06,1.05,0.00,-5.71,1.34,0,0
REC Ltd,532955,RECLTD,INE020B01018,Finance,Financial Institution,316.80,83420.54,9.71,20.12,6.10,95.26,14.70,13.50,5.20,56437.94,615.50,597093.04,52.63,0.00,0.00,0.99,1.16,14.27,1.57,13.50,16.96,22.01,5.86,-2.46,1.57,0,0
Regal Entertain.,531033,,INE101E01010,Finance,Non Banking Financial Company (NBFC),15.95,14.21,1.48,2.19,0.07,4.95,115.44,54.20,74.79,0.14,0.00,14.00,27.00,0.00,-8.08,6.15,6.64,,14.00,54.18,-0.20,-0.14,0.00,3.40,14.00,0,0
Regency Fincorp,540175,,INE964R01013,Finance,Other Financial Services,47.32,420.42,10.51,9.51,0.97,74.35,36.63,144.34,24.33,36.29,6.47,524.68,21.43,0.00,-3.55,2.36,0.39,96.34,2.78,24.81,0.45,0.61,0.00,2.16,2.78,1,1
Regis Industries,543208,,INE745R01024,Finance,Non Banking Financial Company (NBFC),2.10,54.20,2.86,2.86,0.00,11.99,-41.34,62.65,44.79,1.21,0.00,54.15,0.00,0.00,0.00,2.01,875.00,52.81,,60.93,0.06,0.00,0.00,28.33,,0,1
Reliable Data,544207,RELIABLE,INE375Y01018,Finance,Other Financial Services,139.75,144.22,12.16,10.81,0.35,9.21,36.46,19.85,15.66,15.78,20.42,163.92,67.79,0.00,-3.98,2.02,1.69,32.70,4.60,19.85,1.63,6.94,0.03,-2.97,4.60,0,1
Reliance Home,540709,RHFL,INE217K01011,Finance,Housing Finance Company,1.87,90.71,-432.21,,,-1463.64,-90.91,25.98,,-3.22,0.00,130.27,0.74,0.00,-42.87,,0.05,14.75,-3.58,25.98,-0.14,,0.00,6.14,-3.58,0,0
Relic Tech.,511712,,INE452B01013,Finance,Other Financial Services,73.40,41.04,-34.29,-28.72,0.15,-266.09,29.50,,,-4.16,1.03,42.64,44.93,0.00,-21.28,2.70,1.51,,-46.22,,-6.29,-1.37,0.00,0.44,-46.22,1,0
Religare Enterp.,532915,RELIGARE,INE621H01010,Finance,Investment Company,233.05,8034.02,3.06,3.17,0.17,0.73,21.82,70.62,162.14,48.29,135.81,6824.57,30.55,0.00,30.55,2.67,0.33,16.75,1.11,69.66,0.31,-0.25,0.00,8.44,1.11,0,0
Repco Home Fin,535322,REPCOHOME,INE612J01015,Finance,Housing Finance Company,365.50,2286.62,10.17,12.73,3.02,88.61,11.71,14.56,4.75,1575.06,99.89,14200.38,37.13,0.00,0.00,0.57,1.57,9.63,1.59,14.56,18.40,23.91,1.23,-1.38,1.59,0,0
Rich Universe,530271,,INE652D01014,Finance,Non Banking Financial Company (NBFC),9.50,6.89,5.59,6.81,0.22,19.05,,268.40,8.72,0.79,0.00,8.52,12.38,0.00,-2.26,0.91,1.03,10.03,,268.40,-0.08,,0.00,-0.31,,0,0
Richfield Fin,539435,,INE201C01012,Finance,Other Financial Services,19.48,18.81,9.08,3.10,4.72,40.24,229.83,227.11,30.84,6.74,1.02,82.62,37.13,0.00,-10.39,1.33,1.75,-4.47,1.14,200.68,0.12,0.94,0.00,-160.77,1.14,1,1
Rikhav Securitie,544340,,INE0CFH01028,Capital Markets,Stockbroking & Allied,43.50,166.57,13.12,8.07,0.03,0.86,232.98,-1.94,8.75,31.49,6.83,-62.80,64.06,16.62,,0.68,4.06,14.75,5.93,-28.28,-7.01,,0.00,-7.86,5.93,0,0
Rita Finance and,543256,,INE018S01016,Finance,Non Banking Financial Company (NBFC),10.05,10.05,5.33,4.16,0.19,67.63,4.66,-2.74,16.21,0.96,0.00,13.20,28.89,77.32,-42.85,0.59,1.18,-1.65,7.38,-2.74,0.22,0.22,0.00,-4.08,7.38,0,0
RNFI Services,,RNFI,INE0SA001017,Finance,Other Financial Services,289.10,733.07,27.26,20.57,0.17,5.73,-3.16,75.40,25.83,44.88,60.17,663.32,64.35,0.00,,4.27,1.68,31.11,21.07,-72.18,2.08,2.91,0.00,0.32,21.07,1,0
Roselabs Finance,531324,,INE475C01012,Finance,Other Financial Services,22.75,22.75,-166.67,,,-16.53,,12.56,,-0.20,0.00,27.77,74.25,0.00,0.00,,3.00,,,12.56,-0.05,,0.00,1.10,,0,0
RRPSemiconductor,504346,,INE713N01013,Finance,Other Financial Services,8458.80,11524.27,-32.66,-61.01,0.65,-105.13,,,,-7.07,0.00,11530.11,1.28,0.00,-73.22,1274.81,12.13,,-14.14,5.86,-0.21,,0.00,-2.22,-14.14,0,0
RSD Finance,539875,RSDFIN,INE616F01022,Finance,Non Banking Financial Company (NBFC),100.39,129.97,8.02,5.96,0.01,39.94,-27.05,5.01,10.32,20.23,17.67,126.96,74.98,0.00,0.00,0.59,2.34,12.63,224.78,5.01,4.86,1.89,0.00,-0.01,224.78,0,0
Sahara Housing,511533,,INE135C01012,Finance,Housing Finance Company,39.90,27.93,2.87,0.65,0.25,30.59,-13.85,-37.90,93.10,1.82,2.65,34.65,71.35,0.00,0.00,0.53,2.98,-30.45,1.21,-37.90,0.30,0.08,0.00,37.00,1.21,0,0
Sakthi Finance,511066,,INE302E01014,Finance,Investment Company,27.75,179.56,10.87,7.33,4.84,74.03,3.16,11.33,10.37,147.33,80.24,1165.79,67.01,0.00,-0.01,0.74,9.50,13.25,1.19,11.33,0.64,0.94,2.88,0.99,1.19,0,0
Salem Erode Inv.,540181,,INE894E01028,Finance,Non Banking Financial Company (NBFC),33.73,38.67,-10.44,-28.60,0.95,-71.00,-4.50,,,-3.47,8.54,51.85,75.00,0.00,0.00,2.66,1.18,,-1.97,,-0.86,-1.04,0.00,-0.39,-1.97,0,1
Sammaan Capital,535789,SAMMAANCAP,INE148I01020,Finance,Housing Finance Company,145.80,16935.30,4.92,-3.18,2.73,45.47,-2.16,,,3330.15,340.55,57827.95,28.34,0.00,28.34,0.89,5.33,,0.58,,4.04,-3.76,0.00,-4.83,0.58,1,0
Sangam Finserv,538714,,INE475D01010,Finance,Non Banking Financial Company (NBFC),39.49,184.07,4.73,2.42,0.40,66.77,-2.08,-20.30,24.22,15.39,0.39,223.26,63.08,0.00,0.00,1.35,17.32,-11.28,4.04,-20.31,0.91,,0.00,4.36,4.04,0,1
Saraswati Commer,512020,ZSARACOM,INE967G01019,Finance,Non Banking Financial Company (NBFC),10991.00,1204.53,10.86,8.92,0.00,96.95,71.40,99.13,9.10,160.02,0.05,1202.60,74.88,0.00,2.55,1.09,0.64,34.05,64.01,95.05,215.17,,0.00,0.16,64.01,1,1
Sarvottam Finve.,539124,,INE822Q01015,Finance,Non Banking Financial Company (NBFC),18.86,14.15,-0.69,-0.77,0.00,-10.84,-10.80,22.52,,-0.18,0.01,13.95,24.00,0.00,0.00,0.58,14.25,,,22.52,0.21,-0.09,0.00,1.24,,0,0
Satin Creditcare,539404,SATIN,INE836B01017,Finance,Microfinance Institutions,222.37,2456.54,13.84,12.29,3.84,56.61,26.60,312.62,6.00,1800.39,154.48,11196.94,36.17,0.00,-5.53,0.86,5.66,91.27,1.42,278.43,4.08,19.23,0.00,-3.13,1.42,1,1
Saumya Cons,539218,,INE563C01015,Finance,Non Banking Financial Company (NBFC),122.15,84.37,-5.33,-3.77,0.00,-6.12,-20.69,,,-0.91,2.50,84.47,54.88,0.00,0.00,0.74,143.22,,-22.75,,16.55,,0.00,-0.11,-22.75,0,1
SBFC Finance,543959,SBFC,INE423Y01016,Finance,Non Banking Financial Company (NBFC),98.75,10943.54,11.82,13.05,1.92,68.81,31.73,44.23,22.80,1206.81,314.09,17460.22,52.31,0.00,,2.93,3.81,39.61,2.14,34.49,0.93,1.78,0.00,-4.13,2.14,1,1
SBI,500112,SBIN,INE062A01020,Banks,Public Sector Bank,1047.50,966907.19,6.13,15.38,11.08,45.02,13.64,14.38,11.51,433642.01,57326.63,7649004.71,55.47,0.00,-2.00,1.55,0.98,30.01,1.36,13.10,23.76,31.07,1.66,0.49,1.36,0,0
SBI Cards,543066,SBICARD,INE018E01016,Finance,Non Banking Financial Company (NBFC),641.05,61005.08,10.10,14.69,2.80,26.78,13.34,-1.37,26.81,6061.21,219.01,102749.03,68.86,0.00,-0.10,3.88,0.66,17.08,2.02,-1.56,5.84,8.92,0.39,-1.15,2.02,1,0
SBI Funds Mgt.,544829,SBIFUNDS,INE640G01020,Capital Markets,Asset Management Company,563.80,114836.34,56.50,43.02,0.00,81.52,27.34,31.80,37.06,4028.89,391.00,114727.94,88.19,0.00,,,0.92,28.88,441.76,31.33,4.18,,0.00,0.74,441.76,1,0
SBI Life Insuran,540719,SBILIFE,INE123W01016,Insurance,Life Insurance,1761.10,176699.89,14.95,13.70,0.00,0.70,11.68,12.81,67.94,2833.81,740.13,175173.15,55.32,0.00,-0.13,8.78,1.06,11.15,,12.73,5.93,-5.41,0.15,10.54,,0,1
Scintilla Comm,538857,,INE892C01018,Finance,Non Banking Financial Company (NBFC),9.98,10.01,-1.21,-1.92,0.09,-20.31,6.38,,,-0.13,0.00,10.82,18.81,0.00,0.00,1.01,11.00,,-3.25,,0.04,0.01,0.00,-2.67,-3.25,0,0
Sera Investments,512399,,INE017I01027,Finance,Non Banking Financial Company (NBFC),45.05,295.05,21.12,18.10,0.00,95.60,,79.71,2.87,122.02,1.25,264.58,57.69,0.00,-12.31,1.01,255.62,175.35,123.25,69.90,0.02,,0.00,3.14,123.25,1,1
Seshaasai Tech.,544533,STYL,INE04VU01023,Financial Technology (Fintech),Financial Technology (Fintech),402.10,6506.21,27.98,23.57,0.06,26.62,7.91,31.62,24.20,376.45,499.42,6178.22,81.80,0.00,,4.55,5.89,84.54,25.18,-44.95,2.48,5.44,0.62,0.22,25.18,0,1
SG Finserve,539199,SGFIN,INE618R01015,Finance,Non Banking Financial Company (NBFC),684.55,4510.84,9.32,10.32,1.85,92.88,100.41,90.71,28.76,373.01,2.35,7010.89,56.95,0.00,7.57,3.06,27.12,140.72,2.28,63.70,4.39,12.98,0.00,-6.08,2.28,1,1
Shalibhadra Fin.,511754,SAHLIBHFI,INE861D01011,Finance,Non Banking Financial Company (NBFC),76.84,237.35,14.65,11.94,0.33,75.60,13.98,32.47,11.98,32.20,4.33,287.16,58.10,0.00,2.75,1.38,2.32,40.88,5.26,23.62,1.48,2.03,0.52,-1.74,5.26,1,0
Shardul Sec.,512393,SHARDUL,INE037B01020,Capital Markets,Stockbroking & Allied,52.14,456.18,-5.88,-7.22,0.42,33.49,6.23,,19.69,46.90,16.99,675.69,74.85,0.00,0.01,0.69,37.20,,2.16,,8.04,,0.00,-1.11,2.16,0,1
Share India Sec.,540725,SHAREINDIA,INE932X01026,Capital Markets,Stockbroking & Allied,167.93,3674.74,18.41,13.02,0.26,40.12,10.54,-0.43,10.11,634.72,65.25,1239.82,48.62,57.80,-4.19,1.39,2.36,32.01,4.50,-9.79,3.85,7.15,0.66,0.01,4.50,0,1
Share Samadhan,544251,,INE0LY301010,Finance,Other Financial Services,47.87,58.74,1.58,1.52,0.01,-7.25,31.04,6.51,101.28,0.63,3.68,47.52,62.52,0.00,,1.42,48.45,,15.75,-52.17,1.88,,0.00,-1.24,15.75,0,0
Sharp Investment,538212,,INE909D01026,Finance,Non Banking Financial Company (NBFC),0.40,9.68,0.04,0.04,0.00,34.38,33.21,,56.94,0.17,0.00,5.66,19.37,0.00,-16.70,0.34,1.31,16.47,,35.72,0.00,,0.00,,,,
Shikhar Cons.,526883,,INE641B01011,Finance,Non Banking Financial Company (NBFC),11.25,5.11,-4.01,-6.20,0.59,,,0.00,,-0.11,0.00,6.12,41.62,0.00,0.00,,0.57,-8.97,,,,,0.00,1.00,,,
Shipping Land,544142,SCILAL,INE0PB301013,Finance,Investment Company,40.38,1880.90,1.31,0.96,0.00,-162.08,23.07,-6.76,66.00,38.22,2402.54,1879.38,63.75,0.00,,0.63,3.77,,3822.00,,0.31,-0.27,1.36,0.29,3822.00,0,0
Shivansh Finserv,539593,,INE728Q01014,Finance,Other Financial Services,15.14,9.45,7.00,6.42,0.43,18.94,67.89,57.53,16.88,0.97,0.05,11.73,1.03,0.00,0.44,1.37,2.18,39.98,3.88,57.53,-0.10,,0.00,24.67,3.88,0,0
Shree Metalloys,531962,,INE914B01012,Finance,Non Banking Financial Company (NBFC),38.94,20.47,17.88,13.44,0.00,1.74,4.30,32.74,11.44,2.63,0.57,17.86,72.00,0.00,-1.07,1.78,365.67,30.04,10.96,32.74,0.23,1.56,0.00,-4.66,10.96,1,1
Shree Salasar,503635,,INE315N01017,Finance,Other Financial Services,367.10,255.94,20.28,30.34,1.33,29.69,215.15,375.27,11.93,36.16,0.16,342.50,67.12,0.00,3.59,3.69,0.39,67.36,5.07,349.59,3.53,24.43,0.00,-10.87,5.07,1,1
Shree Securities,538975,,INE397C01026,Finance,Non Banking Financial Company (NBFC),0.19,15.16,1.53,0.64,0.79,51.59,19.45,31.48,126.33,0.65,0.00,20.40,0.00,0.00,-30.62,1.61,2.03,28.47,1.23,31.48,0.00,0.00,0.00,-3.30,1.23,0,
SHRI NIWAS L& F.,538897,,INE201F01015,Finance,Non Banking Financial Company (NBFC),16.33,8.88,195.35,,,736.73,62.07,1458.64,0.83,10.83,0.01,1172.27,15.71,0.00,13.77,,1.24,606.97,,1458.64,238.53,4.51,0.00,0.00,,0,0
Shriram AMC,531359,,INE777G01012,Capital Markets,Asset Management Company,281.50,478.01,-18.75,-18.86,0.00,-189.98,28.06,,,-24.26,1.10,477.36,70.85,0.00,6.91,3.14,1.29,,,-55.57,-1.63,-5.22,0.00,0.78,,0,1
Shriram Finance,511218,SHRIRAMFIN,INE721A01047,Finance,Non Banking Financial Company (NBFC),1086.90,255745.78,11.49,16.39,3.80,73.97,16.44,18.60,22.60,36344.39,2635.40,498494.61,20.30,0.00,-5.18,3.10,3.57,32.03,1.70,18.40,11.48,19.79,0.99,-4.58,1.70,0,1
Shrydus Indust.,511493,,INE488C01015,Finance,Non Banking Financial Company (NBFC),4.21,13.48,-0.12,-0.12,0.00,-287.00,-72.18,,,-2.86,0.01,13.37,25.86,0.00,-0.78,0.32,353.00,12.66,,,-0.02,,0.00,-34.45,,0,1
Shyamkamal Inv,505515,,INE203N01015,Finance,Other Financial Services,12.80,33.81,5.15,1.70,0.60,68.00,,41.81,52.83,1.70,0.01,45.32,0.00,0.00,-2.59,1.73,2.64,62.98,1.60,31.37,-0.01,,0.78,-2.22,1.60,0,0
Siddha Ventures,530439,,INE140C01012,Finance,Non Banking Financial Company (NBFC),4.42,4.42,-0.34,-0.34,0.00,-24.30,-7.23,,442.00,0.02,0.00,4.10,5.76,0.00,0.00,0.30,614.00,,,,-0.02,,0.00,-0.24,,0,0
SIL Investments,521194,SILINV,INE923A01015,Finance,Investment Company,490.05,519.45,1.75,1.32,0.00,85.91,12.75,10.44,10.36,61.49,109.81,499.35,63.79,0.00,0.00,0.20,7.73,13.25,6149.00,10.44,7.47,,0.51,0.28,6149.00,1,1
Silveroak Comm,512197,,INE798C01017,Finance,Non Banking Financial Company (NBFC),5.94,1.63,-77.32,-3559.09,,-145.02,-43.28,,,-6.46,5.52,13.63,,,,,0.54,,-5.30,,-3.31,,0.00,1.65,-5.30,0,0
SKP Securities,531169,,INE709B01016,Capital Markets,Stockbroking & Allied,103.02,70.14,21.71,18.65,0.32,35.60,21.98,49.19,7.21,14.51,11.07,50.30,74.99,0.00,0.01,1.16,2.03,23.96,9.87,49.19,4.19,5.57,1.94,-0.76,9.87,0,0
Smart Finsec,539494,,INE766D01020,Finance,Non Banking Financial Company (NBFC),8.39,25.17,8.41,6.06,0.00,73.46,-59.99,-11.42,22.27,1.57,1.30,22.28,74.99,0.00,2.86,1.51,96.50,16.84,52.33,-11.42,0.09,0.11,0.00,2.28,52.33,0,1
SMC Global Sec.,543263,SMCGLOBAL,INE103C01036,Capital Markets,Stockbroking & Allied,79.20,1658.45,11.38,8.07,1.56,19.48,15.71,-5.22,15.24,363.74,121.98,952.77,66.71,8.38,-0.66,1.27,1.64,-0.56,1.65,-5.22,1.42,1.86,1.52,-0.02,1.65,0,1
Sodhani Capital,544560,,INE0QU501030,Capital Markets,Financial Products Distributor,70.00,55.61,24.99,18.56,0.00,69.60,24.36,25.11,23.66,3.17,6.51,55.47,73.57,0.00,,3.11,1.25,,,-86.49,1.50,,0.71,1.10,,0,0
Softrak Venture,531529,,INE562E01021,Finance,Non Banking Financial Company (NBFC),1.50,67.62,0.57,0.35,0.00,-132.08,17.71,-18.90,322.00,0.31,11.61,64.34,0.00,0.00,0.00,1.49,8.43,29.20,,-18.90,0.00,,0.33,0.44,,0,
Sonal Mercantile,538943,SONAL,INE321M01017,Finance,Non Banking Financial Company (NBFC),85.45,125.94,6.09,6.91,0.76,97.65,15.59,12.69,6.34,35.57,5.31,420.38,24.92,0.00,0.00,0.33,40.50,12.52,1.62,12.69,5.73,4.31,0.00,0.04,1.62,0,0
South Ind.Bank,532218,SOUTHBANK,INE683A01023,Banks,Private Sector Bank,45.37,11883.77,6.42,13.51,10.97,66.71,10.83,23.33,7.87,8512.92,1040.89,136527.37,0.00,0.00,0.00,1.01,4.24,88.05,1.31,23.30,1.23,2.13,0.99,-1.93,1.31,1,0
SPA CAPT SER,542376,,INE726X01014,Finance,Other Financial Services,200.45,61.62,3.64,5.05,0.95,4.76,32.53,48.27,37.12,2.34,1.74,78.46,68.74,0.00,0.00,3.46,13.26,32.90,10.17,48.27,0.62,0.54,0.00,-9.24,10.17,1,1
Spandana Sphoort,542759,SPANDANA,INE572J01011,Finance,Microfinance Institutions,244.30,1741.98,-5.78,-29.38,1.85,1.61,-9.92,,,59.70,39.00,4410.01,48.16,0.00,-14.25,1.02,8.79,,0.12,,-40.61,-15.84,0.00,-3.54,0.12,0,0
Srestha Finvest,539217,,INE606K01049,Finance,Investment Company,0.27,51.57,-5.57,-4.54,0.29,-1066.67,39.34,-21.76,,-52.10,1.17,99.19,0.00,0.00,0.00,0.27,485.94,,-67.66,4.30,0.01,-0.07,0.00,1.53,-67.66,0,0
SRG Fingrow Fin,536710,,INE326P01019,Finance,Non Banking Financial Company (NBFC),31.10,16.72,1.90,1.42,0.00,22.88,-13.29,-26.08,79.62,0.28,0.38,13.96,69.01,0.00,4.97,1.13,9.54,-16.26,,-26.08,0.32,,0.00,-0.03,,0,0
SRG Housing,534680,SRGHFL,INE559N01010,Finance,Housing Finance Company,254.90,400.39,11.77,11.59,2.89,62.63,28.70,23.95,11.71,127.10,20.05,1239.09,59.02,0.00,-8.81,1.35,1.77,11.53,1.50,16.39,4.32,8.82,0.00,-5.55,1.50,1,1
SSPN FINANCE,539026,,INE820R01017,Finance,Other Financial Services,6.37,2.41,1.71,0.23,0.58,35.48,6.04,,241.00,0.11,0.01,4.94,0.00,0.00,-9.14,0.55,2.47,-30.12,1.22,-41.52,0.00,,0.00,-6.00,1.22,0,
Standard Battery,504180,,INE502C01039,Finance,Non Banking Financial Company (NBFC),44.76,23.15,-41.32,-41.32,0.00,,,24.01,,-0.50,0.00,23.08,40.62,84.27,0.00,12.12,1.31,-9.38,,24.01,-0.54,,0.00,1.23,,0,0
Stanrose Mafat.,506105,,INE441L01015,Finance,Investment Company,71.95,28.56,-8.15,-8.40,0.07,-78.08,-3.99,,,-3.44,2.66,29.62,48.73,0.00,0.15,0.94,8.32,6.39,,,-1.51,,0.00,0.00,,1,1
Star Health Insu,543412,STARHEALTH,INE575P01011,Insurance,General Insurance,573.50,33757.56,9.69,7.61,,5.98,13.80,-3.45,39.99,1144.01,0.00,33757.56,58.01,0.00,-0.25,,,20.25,,-3.82,7.45,5.49,0.00,2.01,,1,1
Star Housing Fin,539017,,INE526R01028,Finance,Housing Finance Company,5.00,39.48,12.10,7.95,2.67,62.88,70.36,160.82,5.95,62.04,3.69,394.13,17.50,0.00,-4.72,0.48,4.33,16.89,1.16,146.13,0.15,0.43,2.00,-14.74,1.16,0,0
Starteck Fin.,512381,STARTECK,INE992I01013,Finance,Non Banking Financial Company (NBFC),253.45,251.18,9.10,9.50,1.33,90.32,8.21,28.26,10.30,50.42,116.29,601.57,73.30,0.00,1.78,0.96,0.21,-8.90,2.25,28.26,3.57,8.32,0.10,2.63,2.25,1,1
Std. Capital Mkt,511700,,INE625D01028,Finance,Non Banking Financial Company (NBFC),0.33,81.00,16.80,20.42,5.00,71.01,218.06,230.48,28.62,242.67,17.87,2250.31,2.65,0.00,-15.21,0.19,0.05,165.46,1.10,178.56,0.06,-1.31,0.00,-23.86,1.10,0,0
Steel City Sec.,,STEELCITY,INE395H01011,Capital Markets,Stockbroking & Allied,84.16,127.14,14.46,10.68,0.07,30.74,4.31,8.43,7.47,24.15,23.58,75.10,74.70,0.00,5.89,0.92,2.16,6.22,25.16,8.43,2.70,3.52,4.75,0.02,25.16,0,1
STEL Holdings,533316,STEL,INE577L01016,Finance,Investment Company,636.90,1175.42,1.58,1.18,0.00,97.20,16.92,17.42,59.91,26.04,0.71,1173.04,72.05,0.00,8.25,0.73,27.89,18.07,,17.42,0.19,,0.00,2.72,,1,0
Stellant Secu.,526071,,INE395F01023,Finance,Other Financial Services,1078.15,596.86,71.73,53.02,0.00,81.66,582.52,792.25,16.27,49.60,0.00,559.32,45.25,0.00,-8.66,7.64,22.18,198.95,198.40,1233.97,0.92,,0.02,0.72,198.40,1,1
Stellar Capital,536738,,INE325P01011,Finance,Other Financial Services,5.70,14.23,-0.19,-0.38,0.01,11.45,-10.25,20.36,,-0.10,1.29,14.76,24.05,0.00,0.00,0.25,0.17,,-1.67,20.36,-0.80,,0.00,78.50,-1.67,0,0
Step Two Corp.,531509,,INE623D01015,Finance,Other Financial Services,22.50,16.64,-32.15,-23.76,0.00,-24.27,72.25,,,-2.11,0.12,16.62,56.33,0.00,-10.31,1.98,49.00,,-211.00,,0.34,,0.00,21.00,-211.00,1,1
Sugal & Damani,511654,,INE309D01011,Finance,Non Banking Financial Company (NBFC),64.96,40.60,19.34,14.80,0.02,18.03,149.88,75.05,17.89,3.20,0.47,38.57,72.43,0.00,1.39,1.36,5.22,68.22,53.33,75.05,3.26,1.01,0.00,2.94,53.33,0,0
Sujala Trading &,539117,,INE029H01016,Finance,Non Banking Financial Company (NBFC),13.26,7.59,-0.10,-0.13,0.00,-50.00,-30.18,,,-0.26,0.00,7.58,15.57,0.00,0.00,0.48,0.30,,,,0.26,,0.00,-0.43,,1,0
Sulabh Engineers,508969,,INE673M01029,Finance,Non Banking Financial Company (NBFC),2.70,27.13,4.69,2.42,0.00,43.46,6.78,-8.62,16.05,2.46,22.66,26.88,25.57,0.00,0.00,0.75,4.39,0.47,7.94,-8.62,0.06,0.12,0.00,-0.12,7.94,0,1
Sumedha Fiscal,530419,SUMEDHA,INE886B01012,Finance,Other Financial Services,39.27,31.35,3.96,2.56,0.00,3.89,21.80,3.44,11.12,3.70,13.02,23.54,50.25,0.00,0.69,0.48,22.38,-28.13,,3.44,3.64,4.71,2.55,0.83,,0,0
Summit Securitie,533306,SUMMITSEC,INE519C01017,Finance,Investment Company,1421.00,1549.14,1.52,1.14,0.00,78.82,41.79,41.34,12.94,152.65,0.02,1547.06,74.64,0.00,0.00,0.18,0.87,41.72,,41.34,18.52,234.23,0.00,1.08,,1,1
Sundaram Finance,590071,SUNDARMFIN,INE660A01013,Finance,Non Banking Financial Company (NBFC),4574.40,50823.35,9.44,15.01,4.68,78.75,21.44,16.75,22.32,7776.76,1456.84,118939.97,37.21,0.00,-1.28,3.41,1.66,12.69,1.61,16.75,42.77,74.32,0.87,-4.79,1.61,1,1
Sungold Capital,531433,,INE271D01013,Finance,Non Banking Financial Company (NBFC),2.79,5.13,0.35,0.18,0.00,1.33,-4.86,10.06,256.50,0.03,0.01,4.78,23.81,0.00,-0.51,0.23,183.58,5.92,,10.06,0.02,0.00,0.00,165.25,,0,0
Superior Finleas,539835,,INE574R01028,Finance,Non Banking Financial Company (NBFC),1.70,5.10,0.12,0.89,7.48,16.67,-32.79,-46.69,170.00,0.03,0.35,49.76,3.06,0.00,0.00,0.85,70.50,-25.65,,-46.69,-0.01,0.00,0.00,-146.00,,,0
Supra Pacific,540168,,INE268T01015,Finance,Non Banking Financial Company (NBFC),33.46,164.42,11.99,8.66,3.09,56.22,92.69,211.78,17.62,52.68,82.64,482.27,32.17,0.00,24.21,1.40,7.31,110.65,1.24,135.59,0.22,1.49,0.60,-106.92,1.24,1,1
Supra Trends,511539,,INE533B01028,Finance,Other Financial Services,14.50,34.30,-7.17,-11.55,0.36,-8.20,,,,-1.10,10.65,38.71,45.15,0.00,44.07,1.53,3.83,,-27.50,,-0.26,,0.00,2.42,-27.50,0,0
Suryoday Small,543279,SURYODAY,INE428Q01011,Banks,Other Bank,154.26,1639.73,7.33,7.58,8.24,42.66,22.21,25.04,8.55,1374.82,293.17,17042.41,22.48,22.35,-0.82,0.79,4.25,66.49,1.23,24.99,3.32,5.76,0.97,9.94,1.23,1,1
Suvidhaa Info.,543281,SUVIDHAA,INE018401013,Financial Technology (Fintech),Financial Technology (Fintech),2.29,48.05,-28.03,-29.79,0.05,-141.80,-51.82,,,-7.65,2.09,46.90,38.33,0.00,-0.44,1.79,0.79,,-127.50,,-0.20,-0.14,0.00,0.37,-127.50,0,0
Svaraj Trading,503624,,INE406N01014,Finance,Other Financial Services,7.37,10.87,1.07,1.13,0.00,,,96.61,,-0.71,1.63,10.82,4.91,0.00,-2.96,0.26,148.17,-5.68,,96.61,0.69,,0.00,1.13,,0,0
Swarna Securitie,531003,,INE595G01018,Finance,Non Banking Financial Company (NBFC),89.20,26.76,11.34,9.01,0.00,,,-4.42,39.35,0.87,4.48,25.06,63.69,0.00,0.00,3.72,56.67,0.33,,-4.42,0.33,,0.00,1.49,,0,1
Swastika Investm,530585,,INE691C01022,Capital Markets,Stockbroking & Allied,179.75,361.27,20.39,10.47,0.11,27.63,7.52,28.27,26.54,30.23,5.64,5.68,59.88,0.00,-3.54,2.66,1.17,2.88,2.80,15.83,1.64,1.83,0.33,-1.05,2.80,0,0
Swati Projects,543914,,INE210F01016,Finance,Non Banking Financial Company (NBFC),51.17,51.68,62.36,50.49,0.04,33.48,184.28,102.68,7.37,11.67,0.83,49.96,23.85,0.00,-0.01,3.19,1.34,68.32,,,-0.64,,0.00,62.31,,0,0
Symbiox Investme,539278,,INE653R01012,Finance,Other Financial Services,1.80,5.63,0.66,0.47,0.00,16.31,-26.32,-2.13,35.19,0.23,0.01,4.46,3.33,0.00,0.00,0.18,319.60,16.47,,-2.13,0.02,0.01,0.00,18.84,,0,1
Systematix Corp.,526506,SYSTMTXC,INE356B01024,Capital Markets,Stockbroking & Allied,57.12,779.91,8.49,4.62,0.06,7.49,25.82,40.80,,11.08,34.79,565.73,70.58,0.00,-3.57,2.48,3.33,60.78,2.36,38.45,0.77,0.14,0.18,-0.50,2.36,0,0
Systematix Sec.,531432,,INE07P301011,Finance,Non Banking Financial Company (NBFC),13.00,6.50,-0.69,-0.69,0.00,-9.68,-8.15,,,-0.03,0.00,6.44,10.41,0.00,-0.10,0.75,6.00,,,,-0.12,,0.00,2.13,,0,0
T N Merc. Bank,543596,TMB,INE668A01016,Banks,Private Sector Bank,886.05,14030.73,7.51,13.99,6.24,73.14,12.56,9.12,9.72,5342.63,312.09,77275.58,0.00,0.00,0.00,1.33,1.90,17.26,1.58,9.12,19.25,32.78,1.41,1.52,1.58,1,1
Tamboli Industri,533170,TAMBOLIIN,INE864J01012,Finance,Holding Company,259.43,257.35,11.98,8.80,0.02,21.48,-1.12,-0.26,23.29,15.53,63.43,240.10,52.83,0.00,0.51,2.10,6.70,2.11,40.87,-0.26,1.28,3.15,0.46,1.03,40.87,1,1
Tata Capital,544574,TATACAP,INE976I01016,Finance,Non Banking Financial Company (NBFC),375.70,159479.73,8.58,12.36,5.15,74.08,32.30,17.17,29.34,23672.95,2604.32,392102.69,85.41,0.00,,3.48,1.25,34.06,1.45,10.49,2.48,4.26,0.15,-8.51,1.45,1,1
Tata Inv.Corpn.,501301,TATAINVEST,INE672A01026,Finance,Investment Company,638.75,32317.75,1.57,1.44,0.00,89.41,13.26,19.86,75.00,487.79,170.55,32307.76,73.38,0.00,0.00,1.11,0.42,23.01,855.77,19.86,2.89,7.76,0.53,0.66,855.77,1,0
TCFC Finance,532284,,INE389D01013,Finance,Non Banking Financial Company (NBFC),25.82,27.06,-3.17,-1.68,0.00,-200.83,,,46.66,-2.63,0.64,26.73,67.99,0.00,-0.06,0.25,129.12,,,,1.66,,0.00,-0.72,,0,1
TCI Finance,501242,TCIFINANCE,INE911B01018,Finance,Non Banking Financial Company (NBFC),15.23,19.60,,,,,,8.88,,-0.79,1.25,19.55,24.72,0.00,0.00,,0.00,12.11,-0.85,8.88,-0.33,,0.00,1.18,-0.85,0,0
Team India Guar.,511559,TEAMGTY,INE289C01025,Finance,Non Banking Financial Company (NBFC),240.33,216.06,2.89,1.50,0.00,19.10,40.96,-8.50,198.22,1.37,0.03,211.25,74.91,0.00,-0.01,4.45,38.67,-35.70,,-8.50,0.62,0.92,0.00,-0.34,,0,1
Thacker & Co.,509945,THACKER,INE077P01034,Finance,Other Financial Services,999.60,108.73,2.28,11.29,0.00,88.81,-7.25,15.36,5.75,4.02,13.50,108.23,68.89,0.00,4.61,0.62,14.32,23.17,,15.36,58.20,11.93,0.00,-0.10,,0,0
The Invest.Trust,530023,THEINVEST,INE924D01017,Finance,Other Financial Services,95.00,496.30,8.54,4.01,0.08,17.47,-2.18,35.89,15.23,75.94,11.42,322.61,72.12,0.00,0.00,0.67,2.68,13.94,2.62,35.89,1.75,0.94,0.00,2.59,2.62,0,1
Thirani Projects,538464,,INE901C01017,Finance,Non Banking Financial Company (NBFC),3.18,6.43,5.92,3.71,0.00,-208.57,9.35,39.10,,-2.15,0.00,5.99,0.00,0.00,-20.14,0.50,0.35,36.65,-19.55,39.10,0.08,-0.57,0.00,-0.15,-19.55,0,0
Tilak Ventures,503663,,INE026L01022,Finance,Investment Company,1.32,176.50,7.35,5.20,0.00,33.93,50.31,58.19,15.05,16.39,0.93,148.20,61.98,0.00,-0.65,0.76,499.22,47.89,204.88,58.13,0.02,0.02,0.00,0.27,204.88,1,1
Titan Securities,530045,,INE090D01017,Finance,Non Banking Financial Company (NBFC),41.08,102.78,1.14,11.97,0.00,20.25,20.46,-3.16,7.23,1.11,0.11,102.63,73.95,0.00,0.00,0.97,152.33,4.90,22.20,-3.16,1.11,0.03,0.00,0.21,22.20,1,1
Tokyo Finance,531644,,INE546D01018,Finance,Non Banking Financial Company (NBFC),19.63,13.68,1.46,1.46,0.00,23.53,6.27,12.31,68.40,0.20,0.00,13.67,65.67,0.00,4.67,1.17,0.63,15.48,,12.31,0.04,0.07,0.00,-6.39,,0,1
Tomorrow Tech.,512018,,INE135H01029,Finance,Other Financial Services,7.83,89.89,-3.39,-3.39,0.00,-1516.67,,,,-0.42,0.00,89.75,37.11,0.00,0.00,6.60,,,,,0.01,-0.01,0.00,1.48,,0,0
Tour. Fin. Corp.,526650,TFCILTD,INE305A01023,Finance,Financial Institution,140.54,6506.68,11.13,9.75,0.82,89.03,6.13,12.01,42.22,293.67,13.25,7516.67,3.85,0.00,-14.11,4.95,4.97,8.86,3.01,11.11,0.66,1.13,0.43,0.65,3.01,1,1
Toyam Sports,538607,TOYAMSL,INE457P01020,Finance,Other Financial Services,0.63,36.40,-6.50,-3.35,0.00,-2026.09,-35.26,6.55,,-18.67,163.82,36.33,0.00,0.00,0.00,0.13,6.41,,,12.32,-0.38,,0.00,0.11,,0,0
Transcorp Intl.,532410,TRANSCOR,INE330E01023,Finance,Other Financial Services,24.70,79.07,15.30,12.02,0.20,1.10,-32.44,273.55,8.28,14.55,31.30,31.31,72.69,0.00,-0.41,1.08,1.48,30.45,8.87,273.09,0.32,0.46,2.43,0.26,8.87,0,1
Transwar.Fin.,532812,TFL,INE804H01012,Finance,Non Banking Financial Company (NBFC),12.46,68.67,-0.38,-12.49,1.07,-11.81,7.21,16.63,,0.19,7.65,97.65,53.99,47.16,-7.82,2.40,3.21,-4.26,0.06,17.76,-0.16,-0.09,0.00,0.88,0.06,0,0
Trinity League,531846,,INE884X01011,Finance,Other Financial Services,9.75,7.72,-5.78,-5.78,0.00,-161.11,-62.67,,,-0.14,0.12,7.71,61.01,0.00,1.31,2.87,51.20,,,,-0.10,,0.00,0.70,,0,0
Trio Merc. Trad.,534755,,INE234G01022,Finance,Other Financial Services,2.48,16.85,0.53,0.04,0.06,-22.88,-8.90,28.06,842.50,0.10,0.02,18.16,4.81,0.00,0.00,0.71,2.54,15.18,1.67,28.06,0.01,,0.00,-13.20,1.67,0,0
Triumph Intl.,532131,,INE382B01012,Finance,Other Financial Services,16.62,12.47,8.58,,,,,18.16,3.04,4.10,0.75,121.60,31.52,0.00,-0.14,,18.50,4.89,,,,,0.00,-1.11,,,
TruCap Finance,540268,TRU,INE615R01029,Finance,Non Banking Financial Company (NBFC),4.12,48.97,-14.42,-102.49,6.29,-119.32,-12.71,,,-78.42,8.48,365.70,30.97,0.00,-22.60,0.92,9.99,,-1.30,,-0.75,-1.81,0.00,-3.12,-1.30,1,0
Trustedgecapital,532056,,INE398H01015,Finance,Investment Company,133.75,123.42,0.93,1.44,0.18,18.64,75.22,-6.27,107.32,1.55,0.03,131.61,74.99,0.00,12.95,2.23,0.62,3.13,4.84,-15.34,-0.17,0.28,0.00,9.88,4.84,1,0
Tsf Investments,,TSFINV,INE202Z01029,Finance,Investment Company,407.20,9044.07,3.38,8.23,0.04,20.47,124.09,26.33,18.58,227.73,423.14,9137.12,54.99,0.00,-0.60,1.50,2.55,45.33,8.46,26.33,7.13,9.89,2.74,0.45,8.46,1,0
TTI Enterprise,538597,,INE404F01031,Finance,Non Banking Financial Company (NBFC),7.73,19.64,-3.79,-5.23,0.05,-47.03,-7.52,,,-1.11,0.00,20.94,18.57,0.00,-23.41,0.75,,,-6.53,,0.17,-0.10,0.00,-74.74,-6.53,0,0
Turtlemint Fintech,544799,TURTLEMINT,INE0OC301013,Financial Technology (Fintech),Financial Technology (Fintech),152.65,4495.22,-35.65,-36.23,0.06,-11.88,37.78,15.76,,-135.58,34.02,4388.68,13.21,0.00,,,2.74,,-65.82,25.97,-4434.00,,0.00,1.12,-65.82,0,0
TVS Holdings,520056,TVSHLTD,INE105A01035,Finance,Investment Company,13450.00,27212.18,16.95,30.61,5.59,15.84,19.99,40.02,13.69,8506.31,8942.71,57965.58,74.45,14.62,0.00,4.20,1.00,38.66,3.19,40.02,166.11,488.92,0.64,0.45,3.19,1,1
Typhoon Fin Ser,539468,,INE761R01013,Finance,Non Banking Financial Company (NBFC),33.31,10.00,1.62,1.08,0.00,28.95,16.40,58.74,142.86,0.11,0.00,9.99,66.91,0.00,0.00,1.34,0.88,14.87,11.00,58.74,0.07,0.11,0.00,-265.00,11.00,1,0
U. Y. Fincorp,530579,UYFINCORP,INE152C01025,Finance,Non Banking Financial Company (NBFC),19.86,377.81,18.49,13.44,0.01,39.83,41.47,84.00,6.10,84.78,4.16,380.03,71.38,0.00,0.87,0.97,1.46,38.45,148.74,84.00,0.31,2.01,0.00,1.10,148.74,1,1
UCO Bank,532505,UCOBANK,INE691A01018,Banks,Public Sector Bank,25.48,31950.80,5.55,8.61,10.50,67.41,14.19,14.12,11.34,22242.06,4137.17,379539.25,90.95,0.00,-4.44,0.94,3.37,110.04,1.37,12.32,0.48,1.20,1.73,0.64,1.37,1,0
Ugro Capital,511742,UGROCAP,INE583D01011,Finance,Non Banking Financial Company (NBFC),86.96,1350.39,10.12,4.64,3.24,60.40,37.70,41.78,9.65,1106.49,130.43,8976.81,2.88,0.00,0.69,0.47,8.58,31.59,1.17,17.86,2.92,5.08,0.00,-17.56,1.17,0,1
Ujjivan Small,542904,UJJIVANSFB,INE551W01018,Banks,Other Bank,67.85,13220.85,7.73,10.75,7.25,43.84,18.51,-14.27,14.59,4331.35,457.27,59515.52,0.00,0.00,-73.67,1.93,3.28,193.92,1.38,-14.09,0.53,1.64,0.00,2.57,1.38,1,1
Unifinz Capital,541358,,INE926R01012,Finance,Non Banking Financial Company (NBFC),100.00,442.68,55.21,72.11,1.69,28.62,282.42,443.38,5.05,173.32,3.19,681.79,19.84,0.00,-52.01,2.70,1.33,181.84,3.14,287.51,3.79,20.77,0.50,-1.49,3.14,1,0
Union Bank (I),532477,UNIONBANK,INE692A01016,Banks,Public Sector Bank,186.00,141985.06,6.30,15.70,9.74,68.09,9.58,31.65,6.88,94910.90,11629.43,1458368.15,74.76,0.00,-8.73,1.02,2.03,46.86,1.38,26.88,5.80,7.67,2.69,-0.01,1.38,0,1
United Credit,531091,,INE858C01027,Finance,Non Banking Financial Company (NBFC),23.75,12.65,3.62,2.83,0.01,34.39,2.12,6.10,15.81,1.05,0.43,12.35,57.31,0.00,-0.54,0.41,5.80,-0.23,35.00,6.10,0.47,0.46,0.00,-0.58,35.00,0,0
Upsurge Invest.,531390,,INE890B01014,Finance,Non Banking Financial Company (NBFC),67.79,148.61,5.25,2.91,0.04,23.06,17.94,86.24,12.79,15.59,0.13,135.49,54.56,0.00,0.16,1.27,61.68,-18.68,16.59,64.67,3.83,-1.73,0.74,-1.50,16.59,0,1
Usha Financial,,USHAFIN,INE0LS001014,Finance,Non Banking Financial Company (NBFC),47.15,204.99,13.51,10.25,0.77,78.99,15.60,30.23,8.15,56.98,23.13,374.55,74.97,0.00,,0.89,0.31,42.22,2.50,,1.23,2.06,0.00,-7.52,2.50,1,1
Ushakiran Fin.,511507,,INE697C01011,Finance,Non Banking Financial Company (NBFC),31.24,7.93,0.13,-0.27,0.00,12.24,6.42,,,0.03,0.12,7.70,47.82,0.00,1.08,0.59,12.00,,,,0.28,0.00,0.00,0.79,,0,0
UTI AMC,543238,UTIAMC,INE094J01016,Capital Markets,Asset Management Company,887.70,11410.41,15.57,10.33,0.03,44.52,10.40,2.42,21.37,815.53,404.86,11107.31,0.00,0.00,0.00,2.53,1.86,-1.00,62.21,2.01,18.50,15.21,4.51,0.60,62.21,0,1
Utkarsh Small F.,543942,UTKARSHBNK,INE735W01017,Banks,Other Bank,14.68,2612.34,1.46,-40.03,8.82,7.08,10.49,,,651.29,332.70,25403.61,42.67,0.00,,0.94,1.84,,0.35,,-1.35,-1.59,0.00,30.29,0.35,0,0
UVS Hospitality,531652,,INE528C01018,Finance,Non Banking Financial Company (NBFC),80.05,326.12,9.49,9.26,0.07,20.23,,,14.28,24.47,196.51,334.38,40.32,0.00,-5.34,1.60,1.14,,13.67,,0.33,1.96,0.00,1.57,13.67,1,1
V B Desai Fin.,511110,,INE848D01018,Finance,Other Financial Services,19.40,8.79,9.29,6.97,0.00,7.80,12.37,41.05,9.16,1.33,0.04,8.07,42.27,0.00,0.00,0.68,8.43,35.57,,41.05,0.44,0.13,0.00,-14.91,,1,1
V B Industries,539123,,INE334E01017,Finance,Investment Company,8.54,11.19,0.21,0.15,0.00,-28.31,44.82,8.37,65.82,0.23,0.00,10.96,0.00,0.00,0.00,0.12,8.01,19.51,,8.37,0.24,,0.00,-0.67,,0,0
Vaarad Ventures,532320,,INE418B01048,Finance,Non Banking Financial Company (NBFC),9.65,241.16,-0.85,-0.99,0.18,-346.15,,1.43,,-1.86,13.76,245.06,71.19,0.00,0.00,10.93,2.54,4.84,,1.43,0.00,,0.00,0.26,,1,
Vani Commercials,538918,,INE661Q01017,Finance,Non Banking Financial Company (NBFC),7.58,22.29,4.51,2.62,2.22,36.95,,,54.37,2.00,0.25,52.75,0.00,0.00,-8.65,0.65,0.29,,1.48,,0.17,,0.00,42.27,1.48,0,0
Vardhman Hold.,500439,VHL,INE701A01023,Finance,Investment Company,3506.90,1118.70,6.28,5.91,0.00,87.44,27.72,-1.85,4.45,266.20,3.18,1117.20,74.90,0.00,0.00,0.30,44.11,10.77,5324.00,-1.85,196.08,12.87,0.14,-0.02,5324.00,0,1
Vedant Asset,543623,,INE0NC801013,Capital Markets,Financial Products Distributor,71.60,19.77,9.23,6.84,0.00,7.79,30.44,15.44,49.42,0.54,0.83,17.14,73.16,0.00,0.33,3.26,16.66,109.13,,15.44,0.11,,0.00,-5.27,,1,1
Vertex Secur.,531950,,INE316D01024,Finance,Other Financial Services,3.33,36.05,-12.04,-25.04,0.59,-44.18,-5.17,,,-2.37,1.65,31.79,36.44,0.00,-36.97,4.87,1.65,,-8.46,,-0.01,-0.05,0.00,0.69,-8.46,1,1
Vibrant Glo. Cap,538732,VGCL,INE761Q01015,Finance,Non Banking Financial Company (NBFC),57.75,132.29,10.91,10.52,0.26,16.27,-2.83,60.58,5.04,34.28,25.93,172.80,71.59,0.00,0.30,0.79,2.61,-10.39,13.13,60.58,2.33,5.26,3.46,-99.91,13.13,0,1
Viji Finance,537820,VIJIFIN,INE159N01027,Finance,Non Banking Financial Company (NBFC),15.04,347.42,10.16,8.80,0.31,75.97,35.85,64.82,84.12,5.04,1.38,354.23,31.03,0.00,-14.94,9.17,0.29,34.96,9.51,64.82,-0.02,0.04,0.00,-17.59,9.51,1,0
Vintage Secur.,531051,,INE153C01015,Finance,Non Banking Financial Company (NBFC),14.45,5.30,0.95,0.87,0.00,,,58.74,31.18,0.18,0.04,5.21,53.79,0.00,0.00,0.39,12.00,,,58.74,-0.03,,0.00,0.50,,1,0
VIRAT LEASING,539167,,INE347L01022,Finance,Non Banking Financial Company (NBFC),58.78,152.60,-4.39,-4.77,0.00,-75.90,-4.22,,,-0.63,0.12,152.41,0.00,0.00,0.00,10.04,0.25,,-12.60,,0.02,-0.02,0.00,-0.07,-12.60,1,0
Visagar Finan.,531025,,INE309H01038,Finance,Other Financial Services,0.30,17.52,1.06,-0.60,0.51,24.68,-42.34,,27.38,2.02,0.22,48.14,5.95,0.00,0.51,0.29,-667.00,-0.58,1.46,,-0.02,-0.01,0.00,-1.69,1.46,,0
VLS Finance,511333,VLSFINANCE,INE709A01018,Finance,Investment Company,243.75,764.85,0.96,0.95,0.00,64.51,-22.36,-27.04,16.41,46.89,122.98,678.52,56.39,0.00,5.54,0.36,4.64,-37.13,293.06,-21.78,20.92,,0.62,4.32,293.06,0,1
Voltaire Leasing,509038,,INE763D01019,Finance,Non Banking Financial Company (NBFC),17.50,7.21,0.06,0.06,0.00,-23.53,-4.41,-62.52,,-0.02,0.02,7.20,2.91,0.00,0.00,0.40,9.56,-30.12,,-62.52,0.32,-0.05,0.00,1.33,,0,0
Wallfort Fin.,532053,,INE121B01014,Capital Markets,Stockbroking & Allied,85.09,82.43,-2.20,-1.87,0.03,-98.10,-39.40,,41.22,0.48,2.02,57.86,74.97,0.00,0.00,0.52,2.99,,1.12,,15.77,,0.00,-0.90,1.12,0,1
Wealth First Por,544536,WEALTH,INE658T01017,Finance,Other Financial Services,848.30,903.86,34.63,27.71,0.00,64.26,32.45,40.87,27.36,43.97,2.51,902.56,74.04,0.00,0.03,6.01,5.79,24.61,1099.25,40.87,14.98,34.38,0.94,0.30,1099.25,0,0
Welspun Investme,533252,WELINV,INE389K01018,Finance,Investment Company,2259.20,824.61,0.58,0.43,0.00,77.13,-12.07,-17.92,267.73,4.10,0.00,819.28,74.58,0.00,0.00,1.23,,30.85,,-17.92,-0.55,-6.91,0.00,-0.41,,0,0
West Leisure,538382,,INE266P01017,Finance,Other Financial Services,72.34,22.09,0.51,0.25,0.00,-26.83,24.31,-10.61,,-0.11,0.00,22.04,71.08,0.00,0.00,1.11,11.00,-12.94,,-10.61,0.59,,0.14,6.00,,1,0
Williamson Fin.,519214,,INE188E01017,Finance,Non Banking Financial Company (NBFC),3.93,3.29,-5.80,,,-193900.00,-85.97,20.76,,-4.42,0.00,443.30,62.62,0.00,0.00,,0.40,12.16,-442.00,20.76,-0.07,,0.00,-5.38,-442.00,0,0
Williamson Magor,519224,WILLAMAGOR,INE210A01017,Finance,Investment Company,24.00,26.30,0.43,,,-14451.92,-20.46,25.23,,1.25,0.07,579.96,62.01,0.00,0.00,,1.15,13.96,4.03,25.23,1.62,,0.00,-0.25,4.03,0,0
Worth Investment,538451,,INE114O01020,Finance,Investment Company,3.45,127.90,5.21,8.17,6.64,87.64,51.05,57.26,32.14,15.67,0.00,423.62,57.11,0.00,2.49,2.87,103.46,144.57,1.53,18.34,0.02,0.05,0.00,-2.24,1.53,1,1
WSFX Global,511147,,INE549D01012,Financial Technology (Fintech),Financial Technology (Fintech),63.22,80.12,18.17,15.80,0.41,9.19,30.35,69.99,12.78,10.27,16.51,28.94,57.00,0.00,-5.43,1.92,1.23,28.76,5.71,65.34,0.13,1.36,2.37,0.20,5.71,1,1
Yamini Invest,511012,,INE457N01025,Finance,Investment Company,0.64,33.65,0.36,0.27,0.16,2.99,0.73,-3.28,673.00,0.06,0.00,44.88,1.77,0.00,0.00,0.49,3.19,0.00,,-3.28,0.00,0.00,0.00,4.88,,0,
Yes Bank,532648,YESBANK,INE528G01035,Banks,Private Sector Bank,22.10,69368.13,5.98,7.10,7.32,59.44,9.99,68.76,18.38,25354.15,3275.25,440716.37,0.00,0.00,0.00,1.32,3.07,24.64,1.24,63.92,0.26,0.29,0.00,2.32,1.24,1,1
Yogi Infra Proj.,522209,,INE429B01011,Finance,Other Financial Services,6.60,11.12,3.65,-0.47,1.26,6.44,,13.37,,3.04,2.45,65.56,44.60,0.00,1.96,0.25,1.47,,0.70,13.37,-1.59,-0.99,0.00,65.52,0.70,1,1
Yogi Ltd,511702,YOGI,INE290E01011,Finance,Non Banking Financial Company (NBFC),165.40,744.30,12.75,16.74,1.82,6.11,,,56.99,28.15,8.82,963.60,62.68,11.35,2.49,5.14,1.32,,2.83,,1.46,,0.00,-49.70,2.83,1,0
Yunik Managing,533149,,INE143K01019,Finance,Other Financial Services,6.90,9.86,-108.70,-108.70,0.00,-480.00,,,,-0.24,0.00,9.84,22.46,0.00,0.00,98.59,0.93,,,,-0.03,,0.00,0.00,,1,0
